Horizon,Strategy,variant,target_util,safety_margin,violation_rate,waste_rate,viol_severity
10min,Reactive,lag=1_tu=0.5,0.5,1.0,0.02011143151846546,0.4675759138030014,0.017690339945842758
10min,Reactive,lag=1_tu=0.5,0.5,1.067,0.019366120244749447,0.4940451254566334,0.01683983669222802
10min,Reactive,lag=1_tu=0.5,0.5,1.133,0.01793835527461877,0.515318167121627,0.01626017770635256
10min,Reactive,lag=1_tu=0.5,0.5,1.2,0.017466624123061967,0.5312924214957999,0.015877483174561887
10min,Reactive,lag=1_tu=0.5,0.5,1.267,0.01575330615890515,0.548321617465205,0.015346622603913626
10min,Reactive,lag=1_tu=0.5,0.5,1.333,0.0154468006391119,0.5604969527942413,0.015084138802316778
10min,Reactive,lag=1_tu=0.5,0.5,1.4,0.014969083051621635,0.5729376443060579,0.014744233600713426
10min,Reactive,lag=1_tu=0.5,0.5,1.467,0.014590141657033493,0.5837632539459764,0.014487962089930747
10min,Reactive,lag=1_tu=0.5,0.5,1.533,0.014481188523044485,0.5940528169748602,0.014214708382296248
10min,Reactive,lag=1_tu=0.5,0.5,1.6,0.014213594836818735,0.6031128892078451,0.014009006079916767
10min,Reactive,lag=1_tu=0.6,0.6,1.0,0.026215800239816622,0.3936962538730073,0.019850475385394264
10min,Reactive,lag=1_tu=0.6,0.6,1.067,0.022734687744508493,0.4239771539323527,0.01880550420577894
10min,Reactive,lag=1_tu=0.6,0.6,1.133,0.020932171884943097,0.4486567940807061,0.018111208133804617
10min,Reactive,lag=1_tu=0.6,0.6,1.2,0.02013238404423258,0.4674285318934534,0.017681108597810486
10min,Reactive,lag=1_tu=0.6,0.6,1.267,0.019595999384594387,0.4906281724540692,0.01694027840352254
10min,Reactive,lag=1_tu=0.6,0.6,1.333,0.01877226580015002,0.5077891460150126,0.01648910352579436
10min,Reactive,lag=1_tu=0.6,0.6,1.4,0.017734217809287717,0.5239213191561699,0.016039873617620146
10min,Reactive,lag=1_tu=0.6,0.6,1.467,0.017344500830019344,0.5368294905037555,0.01574052248268687
10min,Reactive,lag=1_tu=0.6,0.6,1.533,0.01573654413829146,0.5497536331558407,0.015321483146693668
10min,Reactive,lag=1_tu=0.6,0.6,1.6,0.015444406064738516,0.5617762099796305,0.015026979920947148
10min,Reactive,lag=1_tu=0.7,0.7,1.0,0.03956734830221684,0.3138914423354301,0.023028700783561465
10min,Reactive,lag=1_tu=0.7,0.7,1.067,0.02932635235084346,0.35217836886238835,0.021078012438515738
10min,Reactive,lag=1_tu=0.7,0.7,1.133,0.027662123161341035,0.38015245986125357,0.020258773844746145
10min,Reactive,lag=1_tu=0.7,0.7,1.2,0.025475876758440725,0.4079359630974067,0.01938333433968574
10min,Reactive,lag=1_tu=0.7,0.7,1.267,0.022528754348397403,0.431826260824392,0.01861492621888629
10min,Reactive,lag=1_tu=0.7,0.7,1.333,0.020693313091197964,0.45286156149463525,0.017999619134320178
10min,Reactive,lag=1_tu=0.7,0.7,1.4,0.020149744708439617,0.4733865371399511,0.017397636542668567
10min,Reactive,lag=1_tu=0.7,0.7,1.467,0.019724109113570473,0.4882828408088054,0.01700187878253034
10min,Reactive,lag=1_tu=0.7,0.7,1.533,0.01887942300335899,0.5026870037945268,0.016610939902182546
10min,Reactive,lag=1_tu=0.7,0.7,1.6,0.01789704886667788,0.5173118254223218,0.01621834634624406
10min,Reactive,lag=1_tu=0.8,0.8,1.0,0.06161419455797055,0.2292367143953945,0.027938645790273064
10min,Reactive,lag=1_tu=0.8,0.8,1.067,0.0458764531324924,0.27185679665352797,0.02506061337953265
10min,Reactive,lag=1_tu=0.8,0.8,1.133,0.040522783477197365,0.3086611578161068,0.023255478427675
10min,Reactive,lag=1_tu=0.8,0.8,1.2,0.038026439692943725,0.33410086832293845,0.022413219522617385
10min,Reactive,lag=1_tu=0.8,0.8,1.267,0.02849184318171886,0.3687766098488463,0.020629566324042378
10min,Reactive,lag=1_tu=0.8,0.8,1.333,0.026243936488703896,0.3939536968686496,0.01984542427043321
10min,Reactive,lag=1_tu=0.8,0.8,1.4,0.025221453231268592,0.4152423864558443,0.01920494869925081
10min,Reactive,lag=1_tu=0.8,0.8,1.467,0.02238088938084089,0.43571746969821995,0.018529899117041882
10min,Reactive,lag=1_tu=0.8,0.8,1.533,0.020617883998436344,0.4546651717038053,0.01795433327604866
10min,Reactive,lag=1_tu=0.8,0.8,1.6,0.020120411172365654,0.46935905639795034,0.017595094496490927
10min,Reactive,lag=2_tu=0.5,0.5,1.0,0.024210942845700214,0.4692561634143722,0.0207903601503026
10min,Reactive,lag=2_tu=0.5,0.5,1.067,0.023195643311385062,0.4954812844729928,0.019630548678814114
10min,Reactive,lag=2_tu=0.5,0.5,1.133,0.021295548546104236,0.5165874642031363,0.01883642051286815
10min,Reactive,lag=2_tu=0.5,0.5,1.2,0.020661584980750616,0.5324525043428621,0.018313252732246783
10min,Reactive,lag=2_tu=0.5,0.5,1.267,0.018403501346648764,0.5493493703621951,0.017587111412500755
10min,Reactive,lag=2_tu=0.5,0.5,1.333,0.017979661682559656,0.5614529381526477,0.017226479221919284
10min,Reactive,lag=2_tu=0.5,0.5,1.4,0.017328337452998995,0.573810707949107,0.016758438264924593
10min,Reactive,lag=2_tu=0.5,0.5,1.467,0.016817694467874688,0.584572854768093,0.016404831188254473
10min,Reactive,lag=2_tu=0.5,0.5,1.533,0.01667282271828491,0.5947987073305918,0.016025997566175412
10min,Reactive,lag=2_tu=0.5,0.5,1.6,0.01628849353135665,0.6038111667999118,0.015743744745679265
10min,Reactive,lag=2_tu=0.6,0.6,1.0,0.03239559805392941,0.39610386846863654,0.023742620727453447
10min,Reactive,lag=2_tu=0.6,0.6,1.067,0.027774668156890118,0.4260395353769901,0.02231855466119211
10min,Reactive,lag=2_tu=0.6,0.6,1.133,0.025342379237124523,0.45048555001467605,0.021368045137227763
10min,Reactive,lag=2_tu=0.6,0.6,1.2,0.024243868243334254,0.4691087744086663,0.02078028694977682
10min,Reactive,lag=2_tu=0.6,0.6,1.267,0.02351531899023193,0.49209422866584146,0.01976968657541373
10min,Reactive,lag=2_tu=0.6,0.6,1.333,0.02240423648098139,0.5091200834449869,0.019148515552789378
10min,Reactive,lag=2_tu=0.6,0.6,1.4,0.02101358741363818,0.5251274821201001,0.01853277302727834
10min,Reactive,lag=2_tu=0.6,0.6,1.467,0.02048797833868022,0.5379518441701001,0.018125577684986925
10min,Reactive,lag=2_tu=0.6,0.6,1.533,0.018378358315728222,0.5507738936960009,0.01755276963664485
10min,Reactive,lag=2_tu=0.6,0.6,1.6,0.01797726710818627,0.5627192704773916,0.017146648382017567
10min,Reactive,lag=2_tu=0.7,0.7,1.0,0.0502124286790989,0.31742514732010435,0.02806045313726492
10min,Reactive,lag=2_tu=0.7,0.7,1.067,0.03659508286125297,0.35505395611481855,0.0254233066572534
10min,Reactive,lag=2_tu=0.7,0.7,1.133,0.03432382906809751,0.3827084379767034,0.024298794931699636
10min,Reactive,lag=2_tu=0.7,0.7,1.2,0.03141621713521503,0.4101840453463975,0.023106760830287183
10min,Reactive,lag=2_tu=0.7,0.7,1.267,0.027479536865370444,0.4338177245871481,0.02205470647796785
10min,Reactive,lag=2_tu=0.7,0.7,1.333,0.02500953339922404,0.4546513045784987,0.021211837955587346
10min,Reactive,lag=2_tu=0.7,0.7,1.4,0.02427439906659491,0.47499283245595875,0.020394805595938672
10min,Reactive,lag=2_tu=0.7,0.7,1.467,0.023687728345115636,0.48976761741704483,0.019854104059935252
10min,Reactive,lag=2_tu=0.7,0.7,1.533,0.02254611501260444,0.5040549084424504,0.01931584099322338
10min,Reactive,lag=2_tu=0.7,0.7,1.6,0.021235085543176272,0.5185682561139953,0.01877911648451688
10min,Reactive,lag=2_tu=0.8,0.8,1.0,0.07958966573537678,0.23460199838943885,0.03470516583913534
10min,Reactive,lag=2_tu=0.8,0.8,1.067,0.05863534403747988,0.27615800419911224,0.030819668228835247
10min,Reactive,lag=2_tu=0.8,0.8,1.133,0.05149292732526641,0.3122794808312609,0.028367555121017747
10min,Reactive,lag=2_tu=0.8,0.8,1.2,0.04811777474598056,0.3373722730705557,0.02721587188050107
10min,Reactive,lag=2_tu=0.8,0.8,1.267,0.03545586410311516,0.3714692801412142,0.024807360925968074
10min,Reactive,lag=2_tu=0.8,0.8,1.333,0.032427326164376755,0.3963571894716599,0.023732576556323996
10min,Reactive,lag=2_tu=0.8,0.8,1.4,0.031043262176560348,0.41741836101679025,0.02285464052317939
10min,Reactive,lag=2_tu=0.8,0.8,1.467,0.027271807538479315,0.43767778237087845,0.02193951783333875
10min,Reactive,lag=2_tu=0.8,0.8,1.533,0.02489878433445499,0.45644030845360617,0.0211510213702804
10min,Reactive,lag=2_tu=0.8,0.8,1.6,0.02422830350990725,0.47101617415800723,0.020663008188612116
10min,Reactive,lag=3_tu=0.5,0.5,1.0,0.027631592338080376,0.4707060472150314,0.0234653609631257
10min,Reactive,lag=3_tu=0.5,0.5,1.067,0.026376236722833405,0.4967257444806984,0.02204875545172063
10min,Reactive,lag=3_tu=0.5,0.5,1.133,0.02409959513733782,0.5176912088798219,0.021076648056888327
10min,Reactive,lag=3_tu=0.5,0.5,1.2,0.02332554897114119,0.5334623973372582,0.020433675957621727
10min,Reactive,lag=3_tu=0.5,0.5,1.267,0.020620877216403075,0.5502459043288025,0.01954154454967278
10min,Reactive,lag=3_tu=0.5,0.5,1.333,0.020099458646598536,0.5622894625837351,0.01910111054858592
10min,Reactive,lag=3_tu=0.5,0.5,1.4,0.019302065380261402,0.5745768925464826,0.0185260672367266
10min,Reactive,lag=3_tu=0.5,0.5,1.467,0.018688455697081552,0.5852859513487678,0.01809320990808132
10min,Reactive,lag=3_tu=0.5,0.5,1.533,0.018511257193451078,0.5954589568736226,0.017629320154761517
10min,Reactive,lag=3_tu=0.5,0.5,1.6,0.018034736893147506,0.6044305116108544,0.017282389839246817
10min,Reactive,lag=3_tu=0.6,0.6,1.0,0.0374948441820523,0.3981626486633686,0.027070841016446894
10min,Reactive,lag=3_tu=0.6,0.6,1.067,0.03196876517187357,0.4278114175190064,0.02533677002679994
10min,Reactive,lag=3_tu=0.6,0.6,1.133,0.029026431910577015,0.4520621390698544,0.024175797379458335
10min,Reactive,lag=3_tu=0.6,0.6,1.2,0.027674096033207956,0.47055841638685314,0.023454126586746803
10min,Reactive,lag=3_tu=0.6,0.6,1.267,0.026762960484135047,0.4933623228412,0.022217038862233453
10min,Reactive,lag=3_tu=0.6,0.6,1.333,0.025410025963172645,0.51027605848541,0.021458326559807523
10min,Reactive,lag=3_tu=0.6,0.6,1.4,0.023755375071163758,0.5261775848023158,0.02070312681433727
10min,Reactive,lag=3_tu=0.6,0.6,1.467,0.023102853554416405,0.5389297917920566,0.020203763138704776
10min,Reactive,lag=3_tu=0.6,0.6,1.533,0.020590945036735763,0.5516639652586572,0.01949933580741202
10min,Reactive,lag=3_tu=0.6,0.6,1.6,0.020095268141445112,0.5635447357817466,0.019002004189522477
10min,Reactive,lag=3_tu=0.7,0.7,1.0,0.0587820117178497,0.3204135462122857,0.03231572719798977
10min,Reactive,lag=3_tu=0.7,0.7,1.067,0.04258092015112159,0.3575036784352453,0.029125077218194233
10min,Reactive,lag=3_tu=0.7,0.7,1.133,0.039808601670335356,0.3848900278340268,0.027747051774508938
10min,Reactive,lag=3_tu=0.7,0.7,1.2,0.036317910877533686,0.4121077905872054,0.026292998341840883
10min,Reactive,lag=3_tu=0.7,0.7,1.267,0.03158503462853866,0.4355282493217909,0.025009231348032273
10min,Reactive,lag=3_tu=0.7,0.7,1.333,0.028612769187574792,0.4561951185175491,0.023982664805688832
10min,Reactive,lag=3_tu=0.7,0.7,1.4,0.0277148037975555,0.47638050756604516,0.02298405357200916
10min,Reactive,lag=3_tu=0.7,0.7,1.467,0.026977274890552985,0.49105083325461363,0.022319135249118667
10min,Reactive,lag=3_tu=0.7,0.7,1.533,0.02558363260524304,0.5052427854583418,0.0216647545970952
10min,Reactive,lag=3_tu=0.7,0.7,1.6,0.024025363331762892,0.5196607766745116,0.021005816329848256
10min,Reactive,lag=3_tu=0.8,0.8,1.0,0.09389185982401076,0.23909257987521315,0.04036853979814119
10min,Reactive,lag=3_tu=0.8,0.8,1.067,0.06892542876350764,0.2797842204674622,0.035674950882261414
10min,Reactive,lag=3_tu=0.8,0.8,1.133,0.06030196780135569,0.3153395424249401,0.03269090311613152
10min,Reactive,lag=3_tu=0.8,0.8,1.2,0.05623837508972171,0.340140789383375,0.031280248630973666
10min,Reactive,lag=3_tu=0.8,0.8,1.267,0.041181890073471526,0.37376556008911654,0.02837013873729093
10min,Reactive,lag=3_tu=0.8,0.8,1.333,0.03753016415405973,0.3984125719693501,0.027056732729831535
10min,Reactive,lag=3_tu=0.8,0.8,1.4,0.03584857430035027,0.4192853957896855,0.025986157622655007
10min,Reactive,lag=3_tu=0.8,0.8,1.467,0.031333005675739906,0.43936259245284126,0.02486994830445102
10min,Reactive,lag=3_tu=0.8,0.8,1.533,0.02848106759703863,0.4579706282161548,0.023906840022480363
10min,Reactive,lag=3_tu=0.8,0.8,1.6,0.027656136725407572,0.4724454917343249,0.02330918281088161
10min,Reactive,lag=4_tu=0.5,0.5,1.0,0.030572129668596893,0.47198338697521913,0.02582208347460973
10min,Reactive,lag=4_tu=0.5,0.5,1.067,0.029119820311139022,0.49782856639877704,0.024191792576835007
10min,Reactive,lag=4_tu=0.5,0.5,1.133,0.026566605385517493,0.5186733111515506,0.02307003864393239
10min,Reactive,lag=4_tu=0.5,0.5,1.2,0.025687796590485278,0.534361976036235,0.022322531688489033
10min,Reactive,lag=4_tu=0.5,0.5,1.267,0.02258562548976529,0.5510473698905427,0.021288794885252604
10min,Reactive,lag=4_tu=0.5,0.5,1.333,0.021961240221905206,0.5630370042358241,0.020776397010668884
10min,Reactive,lag=4_tu=0.5,0.5,1.4,0.021041125018932103,0.575263256988294,0.020109620806413406
10min,Reactive,lag=4_tu=0.5,0.5,1.467,0.020316766270983205,0.5859249381102597,0.01960619301529501
10min,Reactive,lag=4_tu=0.5,0.5,1.533,0.020110234231278768,0.5960519941143096,0.01906949753598484
10min,Reactive,lag=4_tu=0.5,0.5,1.6,0.019560080768993616,0.6049876406797264,0.018666540485557295
10min,Reactive,lag=4_tu=0.6,0.6,1.0,0.041740424546063526,0.3999580199162797,0.029973287149499067
10min,Reactive,lag=4_tu=0.6,0.6,1.067,0.035497769154649396,0.4293668701496852,0.027986370117836126
10min,Reactive,lag=4_tu=0.6,0.6,1.133,0.03217589585517135,0.45344793805072875,0.026643818596463524
10min,Reactive,lag=4_tu=0.6,0.6,1.2,0.03062600759199805,0.4718356727752992,0.025810065304529978
10min,Reactive,lag=4_tu=0.6,0.6,1.267,0.029570598936928708,0.4944858145171238,0.024385389620945754
10min,Reactive,lag=4_tu=0.6,0.6,1.333,0.028026697109688865,0.5113029736155448,0.023510327498037612
10min,Reactive,lag=4_tu=0.6,0.6,1.4,0.026172697901095696,0.5271125929995603,0.022635671786678063
10min,Reactive,lag=4_tu=0.6,0.6,1.467,0.02542439340941295,0.5398010461331375,0.022055287065894408
10min,Reactive,lag=4_tu=0.6,0.6,1.533,0.022546713656197787,0.5524594714438662,0.021239154617531897
10min,Reactive,lag=4_tu=0.6,0.6,1.6,0.0219546551423784,0.5642826190973651,0.020660569719320572
10min,Reactive,lag=4_tu=0.7,0.7,1.0,0.06578793769078023,0.3229880312970814,0.035981675483861976
10min,Reactive,lag=4_tu=0.7,0.7,1.067,0.04760174396851614,0.3596290663975106,0.032336802539723826
10min,Reactive,lag=4_tu=0.7,0.7,1.133,0.044379245505533564,0.3867896198079154,0.03074964932489236
10min,Reactive,lag=4_tu=0.7,0.7,1.2,0.04040125882774809,0.41378977996751476,0.029078891448636547
10min,Reactive,lag=4_tu=0.7,0.7,1.267,0.03504699052885971,0.43703073780062607,0.027604488409142633
10min,Reactive,lag=4_tu=0.7,0.7,1.333,0.03169458640612101,0.4575531363472835,0.026420089038964416
10min,Reactive,lag=4_tu=0.7,0.7,1.4,0.030670905861499016,0.47760421612796145,0.025267418798972593
10min,Reactive,lag=4_tu=0.7,0.7,1.467,0.0298154441666073,0.492188220052209,0.02450409082253053
10min,Reactive,lag=4_tu=0.7,0.7,1.533,0.02822784135705319,0.5062972459705071,0.02374990710593175
10min,Reactive,lag=4_tu=0.7,0.7,1.6,0.026487584431195796,0.5206333711161305,0.022988146716891394
10min,Reactive,lag=4_tu=0.8,0.8,1.0,0.105445082531999,0.24292525803392018,0.04520225361009573
10min,Reactive,lag=4_tu=0.8,0.8,1.067,0.0773531332706354,0.28289689979671123,0.03984270131305766
10min,Reactive,lag=4_tu=0.8,0.8,1.133,0.06751981360633078,0.31797339708486017,0.03641215240200837
10min,Reactive,lag=4_tu=0.8,0.8,1.2,0.0628497949346371,0.34252761170493073,0.03478432900292152
10min,Reactive,lag=4_tu=0.8,0.8,1.267,0.04595307951244071,0.3757607983024329,0.03146589162049057
10min,Reactive,lag=4_tu=0.8,0.8,1.333,0.04177754044885099,0.40020485618469404,0.029955434070757413
10min,Reactive,lag=4_tu=0.8,0.8,1.4,0.03986247959373651,0.4209208846686153,0.02872937751684866
10min,Reactive,lag=4_tu=0.8,0.8,1.467,0.03475904296046019,0.44084302897118477,0.027444971876320837
10min,Reactive,lag=4_tu=0.8,0.8,1.533,0.03155629973605804,0.45931765904843613,0.02633265249722479
10min,Reactive,lag=4_tu=0.8,0.8,1.6,0.030602660491857548,0.47370472584744794,0.02564053362997506
10min,ML-Proactive,ML_tu=0.5,0.5,1.0,0.015218717430047,0.47155927370160083,0.013855701837909141
10min,ML-Proactive,ML_tu=0.5,0.5,1.067,0.014627856203414304,0.4946023648216095,0.013510774550741062
10min,ML-Proactive,ML_tu=0.5,0.5,1.133,0.01401604245101449,0.5147484849735886,0.013223557703472845
10min,ML-Proactive,ML_tu=0.5,0.5,1.2,0.013540719437897612,0.5321757999746692,0.012979855921300146
10min,ML-Proactive,ML_tu=0.5,0.5,1.267,0.012959436508758455,0.5477466940574252,0.012744630722855192
10min,ML-Proactive,ML_tu=0.5,0.5,1.333,0.012527814477955848,0.5614780279374547,0.012551933590030609
10min,ML-Proactive,ML_tu=0.5,0.5,1.4,0.012267404514850252,0.5736615866258076,0.012383592120725132
10min,ML-Proactive,ML_tu=0.5,0.5,1.467,0.012092001941999816,0.5847313839440339,0.012235948611001444
10min,ML-Proactive,ML_tu=0.5,0.5,1.533,0.011942939687256614,0.5949294091460418,0.01210316815219764
10min,ML-Proactive,ML_tu=0.5,0.5,1.6,0.01179088421454668,0.6040100901180974,0.0119812737170168
10min,ML-Proactive,ML_tu=0.6,0.6,1.0,0.018545978521865156,0.39350607076202687,0.015123212369774128
10min,ML-Proactive,ML_tu=0.6,0.6,1.067,0.01682368090380815,0.4231475960933539,0.014615168904639594
10min,ML-Proactive,ML_tu=0.6,0.6,1.133,0.015717986186897726,0.4486180084715146,0.014211718354474476
10min,ML-Proactive,ML_tu=0.6,0.6,1.2,0.015218717430047,0.47155927370160083,0.013855701837909141
10min,ML-Proactive,ML_tu=0.6,0.6,1.267,0.014732020188656542,0.4910262120476274,0.013564856316099936
10min,ML-Proactive,ML_tu=0.6,0.6,1.333,0.014216588054785467,0.5082854094165712,0.013314564860960804
10min,ML-Proactive,ML_tu=0.6,0.6,1.4,0.013796938895849783,0.5237990923685886,0.01309896353443351
10min,ML-Proactive,ML_tu=0.6,0.6,1.467,0.013330595536633096,0.5375330536016278,0.012897993023655475
10min,ML-Proactive,ML_tu=0.6,0.6,1.533,0.012866048108196448,0.5501435926078573,0.012712437122327554
10min,ML-Proactive,ML_tu=0.6,0.6,1.6,0.012527814477955848,0.5614780279374547,0.012551933590030609
10min,ML-Proactive,ML_tu=0.7,0.7,1.0,0.025521373671535036,0.3116054012782107,0.01687432361506556
10min,ML-Proactive,ML_tu=0.7,0.7,1.067,0.021379358649172703,0.3485603733263861,0.015985472528901666
10min,ML-Proactive,ML_tu=0.7,0.7,1.133,0.019203289187359283,0.3794749650471751,0.015369149415464075
10min,ML-Proactive,ML_tu=0.7,0.7,1.2,0.017813238763609414,0.40662058078934754,0.014893415668442492
10min,ML-Proactive,ML_tu=0.7,0.7,1.267,0.016416004616739394,0.43094052768625385,0.014491445617490096
10min,ML-Proactive,ML_tu=0.7,0.7,1.333,0.015641359806949414,0.45194883001708613,0.014163210233210557
10min,ML-Proactive,ML_tu=0.7,0.7,1.4,0.015218717430047,0.47155927370160083,0.013855701837909141
10min,ML-Proactive,ML_tu=0.7,0.7,1.467,0.014794279122364546,0.48840889554351685,0.013605265235788368
10min,ML-Proactive,ML_tu=0.7,0.7,1.533,0.014369840814682093,0.5035541339045906,0.01338710932238422
10min,ML-Proactive,ML_tu=0.7,0.7,1.6,0.013964559101986719,0.5174063564014034,0.013191189926567239
10min,ML-Proactive,ML_tu=0.8,0.8,1.0,0.03512481419599472,0.23000493006518388,0.01922370168927863
10min,ML-Proactive,ML_tu=0.8,0.8,1.067,0.02950893864681405,0.2712043392994155,0.017903067362133592
10min,ML-Proactive,ML_tu=0.8,0.8,1.133,0.025982927882004955,0.3069697024892876,0.016986638349458197
10min,ML-Proactive,ML_tu=0.8,0.8,1.2,0.022212071887517264,0.34014309641801405,0.016177385868025397
10min,ML-Proactive,ML_tu=0.8,0.8,1.267,0.0198695795067536,0.36840755939335773,0.015577899804457986
10min,ML-Proactive,ML_tu=0.8,0.8,1.333,0.018545978521865156,0.39350607076202687,0.015123212369774128
10min,ML-Proactive,ML_tu=0.8,0.8,1.4,0.017230758547283564,0.4162702038333546,0.014728325491525739
10min,ML-Proactive,ML_tu=0.8,0.8,1.467,0.01613164890989995,0.43648190065714243,0.014400728753965416
10min,ML-Proactive,ML_tu=0.8,0.8,1.533,0.015582692734801487,0.45436387349209556,0.014123759283600946
10min,ML-Proactive,ML_tu=0.8,0.8,1.6,0.015218717430047,0.47155927370160083,0.013855701837909141
30min,Reactive,lag=1_tu=0.5,0.5,1.0,0.020154971137519167,0.46746055779854734,0.017739213086958718
30min,Reactive,lag=1_tu=0.5,0.5,1.067,0.019418340290738988,0.49391596454071796,0.016888870754306017
30min,Reactive,lag=1_tu=0.5,0.5,1.133,0.017995964280673314,0.5151703364642409,0.01630263122360293
30min,Reactive,lag=1_tu=0.5,0.5,1.2,0.0175077040319029,0.5311366844856363,0.015918409641440156
30min,Reactive,lag=1_tu=0.5,0.5,1.267,0.0157909179959037,0.548159749412686,0.015385184411095078
30min,Reactive,lag=1_tu=0.5,0.5,1.333,0.015486209676881968,0.560330733426325,0.015120582581954941
30min,Reactive,lag=1_tu=0.5,0.5,1.4,0.015006430375360667,0.572772579811172,0.014780745065208177
30min,Reactive,lag=1_tu=0.5,0.5,1.467,0.014626605094989639,0.5835934957746202,0.01452641732528471
30min,Reactive,lag=1_tu=0.5,0.5,1.533,0.014511506525180235,0.5938829997941766,0.01425233397952462
30min,Reactive,lag=1_tu=0.5,0.5,1.6,0.014246174032672244,0.6029424919601682,0.014047233804219305
30min,Reactive,lag=1_tu=0.6,0.6,1.0,0.02624792595406113,0.39361457622932866,0.019898445031274328
30min,Reactive,lag=1_tu=0.6,0.6,1.067,0.022770131799978072,0.4238904893055526,0.01885233726723317
30min,Reactive,lag=1_tu=0.6,0.6,1.133,0.02096369003591681,0.4485488448559001,0.01816053880846397
30min,Reactive,lag=1_tu=0.6,0.6,1.2,0.020173144595910124,0.4673152438399862,0.017730847042882285
30min,Reactive,lag=1_tu=0.6,0.6,1.267,0.01964611430257233,0.4905000816490699,0.01698691491997365
30min,Reactive,lag=1_tu=0.6,0.6,1.333,0.018833760712496494,0.5076504686364484,0.01653456144903406
30min,Reactive,lag=1_tu=0.6,0.6,1.4,0.01778878685501639,0.5237687819485288,0.016081063151010325
30min,Reactive,lag=1_tu=0.6,0.6,1.467,0.017383518732898017,0.536672766623497,0.01578123587312733
30min,Reactive,lag=1_tu=0.6,0.6,1.533,0.01577335031945911,0.5495900460337825,0.015359205642647216
30min,Reactive,lag=1_tu=0.6,0.6,1.6,0.015480151857418314,0.5616118342698313,0.015063840254938314
30min,Reactive,lag=1_tu=0.7,0.7,1.0,0.03961753351034282,0.3138328533824425,0.02307710146220838
30min,Reactive,lag=1_tu=0.7,0.7,1.067,0.029364674068110486,0.3521011536859671,0.02112710868342537
30min,Reactive,lag=1_tu=0.7,0.7,1.133,0.027693927460035052,0.3800684987664508,0.020308205063775675
30min,Reactive,lag=1_tu=0.7,0.7,1.2,0.025496756340568187,0.4078499319611063,0.01943264718073121
30min,Reactive,lag=1_tu=0.7,0.7,1.267,0.0225532618631793,0.43173145476017327,0.018662002425859237
30min,Reactive,lag=1_tu=0.7,0.7,1.333,0.020727435076834354,0.45275109086293636,0.01804749447254
30min,Reactive,lag=1_tu=0.7,0.7,1.4,0.020190106490408352,0.4732744112049085,0.01744745830774596
30min,Reactive,lag=1_tu=0.7,0.7,1.467,0.01977332851130904,0.4881586532188609,0.017050203309548328
30min,Reactive,lag=1_tu=0.7,0.7,1.533,0.018936137861432226,0.5025528734401195,0.016658936637636984
30min,Reactive,lag=1_tu=0.7,0.7,1.6,0.017955982672213208,0.517161730103896,0.016261182612248827
30min,Reactive,lag=1_tu=0.8,0.8,1.0,0.061700708583142666,0.2292093746882226,0.027993223797843497
30min,Reactive,lag=1_tu=0.8,0.8,1.067,0.04591403106086352,0.2718094145124504,0.025108611800290493
30min,Reactive,lag=1_tu=0.8,0.8,1.133,0.040578303677278146,0.30859405415369784,0.0233048633428716
30min,Reactive,lag=1_tu=0.8,0.8,1.2,0.038075818456843186,0.3340378225158817,0.022460303854720857
30min,Reactive,lag=1_tu=0.8,0.8,1.267,0.028529300764072767,0.36870472041184815,0.020678307111900683
30min,Reactive,lag=1_tu=0.8,0.8,1.333,0.026273368795808473,0.39388255940333017,0.019893219923044138
30min,Reactive,lag=1_tu=0.8,0.8,1.4,0.025247779960612057,0.415149325054085,0.019254699955498517
30min,Reactive,lag=1_tu=0.8,0.8,1.467,0.022407874196051634,0.43561802644245956,0.01857649264903594
30min,Reactive,lag=1_tu=0.8,0.8,1.533,0.020652923897431424,0.4545508233189859,0.018002787507177185
30min,Reactive,lag=1_tu=0.8,0.8,1.6,0.020166480994500104,0.4692461917451698,0.01764495565703094
30min,Reactive,lag=2_tu=0.5,0.5,1.0,0.024263990079714845,0.4691456073422851,0.020847447974947662
30min,Reactive,lag=2_tu=0.5,0.5,1.067,0.02325899783069485,0.49535620009869347,0.01968682814795158
30min,Reactive,lag=2_tu=0.5,0.5,1.133,0.021359871428839702,0.51644360136288,0.018886212407107555
30min,Reactive,lag=2_tu=0.5,0.5,1.2,0.02070865583649703,0.5323010450015179,0.01836243933884181
30min,Reactive,lag=2_tu=0.5,0.5,1.267,0.01844545448487635,0.5491908087163027,0.01763218643186165
30min,Reactive,lag=2_tu=0.5,0.5,1.333,0.018026253377991578,0.5612901220404591,0.017269863337000695
30min,Reactive,lag=2_tu=0.5,0.5,1.4,0.017363527928667966,0.5736493265825386,0.016802803241210956
30min,Reactive,lag=2_tu=0.5,0.5,1.467,0.01685103640204294,0.5844075381813639,0.016453161307897427
30min,Reactive,lag=2_tu=0.5,0.5,1.533,0.01670201404323708,0.594633521743797,0.016074252897586704
30min,Reactive,lag=2_tu=0.5,0.5,1.6,0.01632642923649061,0.6036457349070087,0.015793711552890423
30min,Reactive,lag=2_tu=0.6,0.6,1.0,0.032437805882021546,0.3960261753781867,0.023796493189159485
30min,Reactive,lag=2_tu=0.6,0.6,1.067,0.027825987924342682,0.4259575316995108,0.022372797969135463
30min,Reactive,lag=2_tu=0.6,0.6,1.133,0.02537862886102696,0.45038206752628074,0.021424705016221318
30min,Reactive,lag=2_tu=0.6,0.6,1.2,0.02429306761314038,0.46900021347347126,0.020838113231030804
30min,Reactive,lag=2_tu=0.6,0.6,1.267,0.023577639134482985,0.49196986221395317,0.01982285708918027
30min,Reactive,lag=2_tu=0.6,0.6,1.333,0.02247632755599091,0.5089857641439712,0.01920200855508732
30min,Reactive,lag=2_tu=0.6,0.6,1.4,0.021075153914048024,0.5249791404783043,0.018581923239050464
30min,Reactive,lag=2_tu=0.6,0.6,1.467,0.020532979072051098,0.5377993758251401,0.018174628987961117
30min,Reactive,lag=2_tu=0.6,0.6,1.533,0.01842122320702174,0.5506136252176297,0.01759704904674065
30min,Reactive,lag=2_tu=0.6,0.6,1.6,0.018017772430742464,0.562558468940511,0.017190870268194824
30min,Reactive,lag=2_tu=0.7,0.7,1.0,0.050284747803889,0.3173710650738466,0.028114751596006373
30min,Reactive,lag=2_tu=0.7,0.7,1.067,0.03664738462731386,0.35498103966477684,0.025478332239387454
30min,Reactive,lag=2_tu=0.7,0.7,1.133,0.034359346215892206,0.382629026268515,0.024354845906274476
30min,Reactive,lag=2_tu=0.7,0.7,1.2,0.03144432348998249,0.4101023754924077,0.02316275801173477
30min,Reactive,lag=2_tu=0.7,0.7,1.267,0.027520068041428217,0.4337278552794704,0.022109751930648135
30min,Reactive,lag=2_tu=0.7,0.7,1.333,0.025046660354418784,0.454545546753495,0.021267540805746915
30min,Reactive,lag=2_tu=0.7,0.7,1.4,0.024322145146565912,0.4748855566083873,0.020453069721730697
30min,Reactive,lag=2_tu=0.7,0.7,1.467,0.023749681207250725,0.489647190224806,0.019909012665897185
30min,Reactive,lag=2_tu=0.7,0.7,1.533,0.0226126284939231,0.5039252029350937,0.01937191263619039
30min,Reactive,lag=2_tu=0.7,0.7,1.6,0.021301716361988635,0.5184222419564067,0.018829558143712784
30min,Reactive,lag=2_tu=0.8,0.8,1.0,0.07971181741247511,0.23458163802833984,0.03476810500001761
30min,Reactive,lag=2_tu=0.8,0.8,1.067,0.05868754918192177,0.27611544709842595,0.03087363809608798
30min,Reactive,lag=2_tu=0.8,0.8,1.133,0.051569611312129754,0.312217110227025,0.02842303298158766
30min,Reactive,lag=2_tu=0.8,0.8,1.2,0.04817662663053783,0.3373129250013759,0.027267873099146724
30min,Reactive,lag=2_tu=0.8,0.8,1.267,0.0354951873653271,0.3714011011104772,0.024861358504656216
30min,Reactive,lag=2_tu=0.8,0.8,1.333,0.032467489197393444,0.39629012096920957,0.02378648329080839
30min,Reactive,lag=2_tu=0.8,0.8,1.4,0.031085094795787877,0.41733041558638434,0.022912393134794876
30min,Reactive,lag=2_tu=0.8,0.8,1.467,0.02731834265328858,0.437582791697204,0.02199327311347174
30min,Reactive,lag=2_tu=0.8,0.8,1.533,0.024937619604073036,0.45633063876685814,0.021207246579315383
30min,Reactive,lag=2_tu=0.8,0.8,1.6,0.024284586665891266,0.4709080638518301,0.020721047323042023
30min,Reactive,lag=3_tu=0.5,0.5,1.0,0.027686658076678666,0.4705956600034274,0.023522233716155683
30min,Reactive,lag=3_tu=0.5,0.5,1.067,0.026441170394951655,0.49660026415374664,0.022103704895280612
30min,Reactive,lag=3_tu=0.5,0.5,1.133,0.024170093878028227,0.5175468119729726,0.021124760320175847
30min,Reactive,lag=3_tu=0.5,0.5,1.2,0.023374096400504252,0.5333103722052384,0.020481073953481272
30min,Reactive,lag=3_tu=0.5,0.5,1.267,0.02065595280716325,0.5500870524761428,0.019585408210112756
30min,Reactive,lag=3_tu=0.5,0.5,1.333,0.020135586115235478,0.5621266176040743,0.019143857210120976
30min,Reactive,lag=3_tu=0.5,0.5,1.4,0.019323838307106003,0.5744158005229799,0.01857056303183089
30min,Reactive,lag=3_tu=0.5,0.5,1.467,0.018708969631545246,0.5851210373126673,0.01814195738425211
30min,Reactive,lag=3_tu=0.5,0.5,1.533,0.018533292867099316,0.5952944777277136,0.017678772087824087
30min,Reactive,lag=3_tu=0.5,0.5,1.6,0.0180607829489344,0.604265742949994,0.017333503981062797
30min,Reactive,lag=3_tu=0.6,0.6,1.0,0.03754030721625628,0.39808821988083004,0.02712955450374975
30min,Reactive,lag=3_tu=0.6,0.6,1.067,0.032032537759903175,0.4277318665677896,0.02539475986224501
30min,Reactive,lag=3_tu=0.6,0.6,1.133,0.029072687169962422,0.45195967619240185,0.024233758426220886
30min,Reactive,lag=3_tu=0.6,0.6,1.2,0.027727851249031505,0.47044991715603995,0.02351154866337035
30min,Reactive,lag=3_tu=0.6,0.6,1.267,0.02682644771283997,0.4932373197301096,0.02226844257723473
30min,Reactive,lag=3_tu=0.6,0.6,1.333,0.025487063829426344,0.510140920469646,0.021509627702232238
30min,Reactive,lag=3_tu=0.6,0.6,1.4,0.023820557694975462,0.5260282951302019,0.020749726709226837
30min,Reactive,lag=3_tu=0.6,0.6,1.467,0.0231499570803491,0.5387765485349588,0.020250582100540475
30min,Reactive,lag=3_tu=0.6,0.6,1.533,0.020626269491791353,0.5515033159875398,0.01954219832632151
30min,Reactive,lag=3_tu=0.6,0.6,1.6,0.02012589360409363,0.5633839345109839,0.019045666271750247
30min,Reactive,lag=3_tu=0.7,0.7,1.0,0.05886928376583135,0.3203637068844547,0.03237565123048363
30min,Reactive,lag=3_tu=0.7,0.7,1.067,0.04264280855049102,0.35743352170522724,0.02918381461081163
30min,Reactive,lag=3_tu=0.7,0.7,1.133,0.039852576905532545,0.3848142275271867,0.02780834890102471
30min,Reactive,lag=3_tu=0.7,0.7,1.2,0.03635236881943397,0.41202885990403076,0.026353097549835204
30min,Reactive,lag=3_tu=0.7,0.7,1.267,0.03163877949476574,0.4354401777090585,0.02506692835261144
30min,Reactive,lag=3_tu=0.7,0.7,1.333,0.02865469762697038,0.456090373771085,0.02403966620364771
30min,Reactive,lag=3_tu=0.7,0.7,1.4,0.02776722707554525,0.4762735768726976,0.023042463104277894
30min,Reactive,lag=3_tu=0.7,0.7,1.467,0.02704210608574601,0.49093003092469506,0.022372797969135463
30min,Reactive,lag=3_tu=0.7,0.7,1.533,0.025653653864676794,0.505112134230284,0.021718397195114935
30min,Reactive,lag=3_tu=0.7,0.7,1.6,0.02409921739030349,0.5195140391080991,0.021054192004527645
30min,Reactive,lag=3_tu=0.8,0.8,1.0,0.09406097437602945,0.2390794947834605,0.04044031223837766
30min,Reactive,lag=3_tu=0.8,0.8,1.067,0.06899856369100517,0.27974573624428506,0.035733986804546904
30min,Reactive,lag=3_tu=0.8,0.8,1.133,0.060393431142886395,0.31528109726884923,0.032751448059488736
30min,Reactive,lag=3_tu=0.8,0.8,1.2,0.05630016253129621,0.3400842143617574,0.03133591340175681
30min,Reactive,lag=3_tu=0.8,0.8,1.267,0.041224067232103534,0.37369995519109633,0.028427729708086706
30min,Reactive,lag=3_tu=0.8,0.8,1.333,0.037574231005252735,0.3983486291460201,0.027115317551549507
30min,Reactive,lag=3_tu=0.8,0.8,1.4,0.035902878615230935,0.41920009150257853,0.0260478690364783
30min,Reactive,lag=3_tu=0.8,0.8,1.467,0.03140131297179055,0.4392689744146852,0.02492561559407132
30min,Reactive,lag=3_tu=0.8,0.8,1.533,0.028525060290448212,0.45786180436091223,0.023964048907013036
30min,Reactive,lag=3_tu=0.8,0.8,1.6,0.0277157356101042,0.4723375575244055,0.023367036259902753
30min,Reactive,lag=4_tu=0.5,0.5,1.0,0.030630152554067553,0.4718710963045701,0.025874941437691465
30min,Reactive,lag=4_tu=0.5,0.5,1.067,0.02918475683004,0.49770069782974646,0.02424156673402555
30min,Reactive,lag=4_tu=0.5,0.5,1.133,0.026631991708056718,0.5185271043681021,0.02311391205614467
30min,Reactive,lag=4_tu=0.5,0.5,1.2,0.025729982389918818,0.5342081621819406,0.022365606106683793
30min,Reactive,lag=4_tu=0.5,0.5,1.267,0.02261747474949402,0.5508871822824096,0.021329185341046924
30min,Reactive,lag=4_tu=0.5,0.5,1.333,0.021994730908630515,0.5628732039261597,0.020816449580053943
30min,Reactive,lag=4_tu=0.5,0.5,1.4,0.02105879780149616,0.5751013933302552,0.020151804071357367
30min,Reactive,lag=4_tu=0.5,0.5,1.467,0.02033428259364329,0.5857591848327766,0.019652424626346053
30min,Reactive,lag=4_tu=0.5,0.5,1.533,0.020129528295771824,0.5958862335623112,0.01911532459663926
30min,Reactive,lag=4_tu=0.5,0.5,1.6,0.01957705516068669,0.6048214068029658,0.01871351964464567
30min,Reactive,lag=4_tu=0.6,0.6,1.0,0.04179410804363326,0.39988383501651964,0.03003198470745852
30min,Reactive,lag=4_tu=0.6,0.6,1.067,0.03557212167251549,0.4292865587947051,0.02804265684424598
30min,Reactive,lag=4_tu=0.6,0.6,1.133,0.03223305158415008,0.4533443213807679,0.026699246292815067
30min,Reactive,lag=4_tu=0.6,0.6,1.2,0.030684672929240427,0.47172551548291364,0.02586393348495932
30min,Reactive,lag=4_tu=0.6,0.6,1.267,0.029630612342564845,0.494358413353983,0.024431637384533914
30min,Reactive,lag=4_tu=0.6,0.6,1.333,0.028099195582153423,0.5111653738035393,0.023556167565111308
30min,Reactive,lag=4_tu=0.6,0.6,1.4,0.026229146713723808,0.5269613705345595,0.022677703582545554
30min,Reactive,lag=4_tu=0.6,0.6,1.467,0.02546525567935719,0.5396459070211728,0.022097511087209993
30min,Reactive,lag=4_tu=0.6,0.6,1.533,0.022578704704926643,0.552297400994591,0.021278343276694724
30min,Reactive,lag=4_tu=0.6,0.6,1.6,0.021983221051649574,0.5641208816097866,0.02070158526261159
30min,Reactive,lag=4_tu=0.7,0.7,1.0,0.06588242135890218,0.32293959939272765,0.036043207535427994
30min,Reactive,lag=4_tu=0.7,0.7,1.067,0.04767382761505465,0.359559826065314,0.03239649295432316
30min,Reactive,lag=4_tu=0.7,0.7,1.133,0.04443471154783951,0.38671454420454654,0.03081164130630054
30min,Reactive,lag=4_tu=0.7,0.7,1.2,0.04044806055880962,0.4137105027582961,0.02913799217290529
30min,Reactive,lag=4_tu=0.7,0.7,1.267,0.03511899677663426,0.43694217837002736,0.02766090104349521
30min,Reactive,lag=4_tu=0.7,0.7,1.333,0.031746002899272395,0.4574472961628767,0.02647462534799808
30min,Reactive,lag=4_tu=0.7,0.7,1.4,0.030728289229378727,0.47749578367949175,0.025322547692322145
30min,Reactive,lag=4_tu=0.7,0.7,1.467,0.029879588722520972,0.49206526008602464,0.02455310647361555
30min,Reactive,lag=4_tu=0.7,0.7,1.533,0.028293651586936676,0.506163829575515,0.02379754995262177
30min,Reactive,lag=4_tu=0.7,0.7,1.6,0.026556268964761057,0.5204847968403367,0.023032218369601846
30min,Reactive,lag=4_tu=0.8,0.8,1.0,0.10564291940858721,0.2429172635298599,0.04528011276840324
30min,Reactive,lag=4_tu=0.8,0.8,1.067,0.07745406809837171,0.28286078173743423,0.03990453316299872
30min,Reactive,lag=4_tu=0.8,0.8,1.133,0.06761495772550687,0.3179157873094817,0.036473427682740825
30min,Reactive,lag=4_tu=0.8,0.8,1.2,0.06291227247587322,0.3424719194418521,0.03484090426075286
30min,Reactive,lag=4_tu=0.8,0.8,1.267,0.04600429257087194,0.37569582014974273,0.03152407600712493
30min,Reactive,lag=4_tu=0.8,0.8,1.333,0.04182924339652245,0.400141208341193,0.030014137146762137
30min,Reactive,lag=4_tu=0.8,0.8,1.4,0.03992648230298911,0.42083441223025886,0.02878867313953857
30min,Reactive,lag=4_tu=0.8,0.8,1.467,0.03484821224660899,0.44074840210867805,0.027498423661168756
30min,Reactive,lag=4_tu=0.8,0.8,1.533,0.03160909617939384,0.45920772993049397,0.026387354298737637
30min,Reactive,lag=4_tu=0.8,0.8,1.6,0.030663470561117644,0.47359478161399093,0.025694176176559343
30min,ML-Proactive,ML_tu=0.5,0.5,1.0,0.015636443599580555,0.46904545477109466,0.0141216475646886
30min,ML-Proactive,ML_tu=0.5,0.5,1.067,0.015157875861951987,0.4924658367780099,0.013756623852090689
30min,ML-Proactive,ML_tu=0.5,0.5,1.133,0.014529679983571193,0.5128250295889965,0.013458000110373073
30min,ML-Proactive,ML_tu=0.5,0.5,1.2,0.01405292959178172,0.5303464850003717,0.013208985542301654
30min,ML-Proactive,ML_tu=0.5,0.5,1.267,0.013461686412129208,0.546161851054465,0.012967691218413046
30min,ML-Proactive,ML_tu=0.5,0.5,1.333,0.012943742847986895,0.5597719180022254,0.012762033306835969
30min,ML-Proactive,ML_tu=0.5,0.5,1.4,0.012614197469164184,0.5721071224399165,0.01258822507183056
30min,ML-Proactive,ML_tu=0.5,0.5,1.467,0.01241065473518545,0.5830907101692844,0.012438810460079585
30min,ML-Proactive,ML_tu=0.5,0.5,1.533,0.012262843940272323,0.5934812680158448,0.012297409637917612
30min,ML-Proactive,ML_tu=0.5,0.5,1.6,0.012122908310661944,0.6025669442926433,0.01217485443083307
30min,ML-Proactive,ML_tu=0.6,0.6,1.0,0.01918572002333472,0.390888851822739,0.015397337190911365
30min,ML-Proactive,ML_tu=0.6,0.6,1.067,0.017441673799749084,0.4207577332692868,0.014874386049782952
30min,ML-Proactive,ML_tu=0.6,0.6,1.133,0.01624525445567766,0.44634068946688005,0.014463745381063034
30min,ML-Proactive,ML_tu=0.6,0.6,1.2,0.015636443599580555,0.46904545477109466,0.0141216475646886
30min,ML-Proactive,ML_tu=0.6,0.6,1.267,0.015252377845584971,0.48883223122170877,0.013814452297110221
30min,ML-Proactive,ML_tu=0.6,0.6,1.333,0.014764117596814556,0.5061979805341893,0.013554283003603564
30min,ML-Proactive,ML_tu=0.6,0.6,1.4,0.01424920294240407,0.5218767949310333,0.01332772465910572
30min,ML-Proactive,ML_tu=0.6,0.6,1.467,0.013902089887136766,0.5355106309208477,0.013131753745932928
30min,ML-Proactive,ML_tu=0.6,0.6,1.533,0.013359915045139842,0.54851196084717,0.012934667360216614
30min,ML-Proactive,ML_tu=0.6,0.6,1.6,0.012943742847986895,0.5597719180022254,0.012762033306835969
30min,ML-Proactive,ML_tu=0.7,0.7,1.0,0.026518104702140045,0.30871752900178845,0.01717956877005649
30min,ML-Proactive,ML_tu=0.7,0.7,1.067,0.022486020067132757,0.3459597834902483,0.016290302316542927
30min,ML-Proactive,ML_tu=0.7,0.7,1.133,0.019898119592260288,0.37675640712991987,0.015652721694297118
30min,ML-Proactive,ML_tu=0.7,0.7,1.2,0.0185544952352221,0.40402943776641587,0.015171219164522807
30min,ML-Proactive,ML_tu=0.7,0.7,1.267,0.017015809091454295,0.4283705732211557,0.014749776024855077
30min,ML-Proactive,ML_tu=0.7,0.7,1.333,0.016132579013653718,0.4497026663329232,0.014413783952929407
30min,ML-Proactive,ML_tu=0.7,0.7,1.4,0.015636443599580555,0.46904545477109466,0.0141216475646886
30min,ML-Proactive,ML_tu=0.7,0.7,1.467,0.015313561822167863,0.4862151343093702,0.013852818681699323
30min,ML-Proactive,ML_tu=0.7,0.7,1.533,0.014906476354210397,0.5015846010663486,0.01362499809195486
30min,ML-Proactive,ML_tu=0.7,0.7,1.6,0.014436995345777305,0.5154693970341158,0.013418987925890353
30min,ML-Proactive,ML_tu=0.8,0.8,1.0,0.03664011524395747,0.2262915097415666,0.019601230307506427
30min,ML-Proactive,ML_tu=0.8,0.8,1.067,0.030416917308946974,0.2679108693887242,0.018228729406322027
30min,ML-Proactive,ML_tu=0.8,0.8,1.133,0.02690762249365292,0.3040631397112274,0.01729325890587408
30min,ML-Proactive,ML_tu=0.8,0.8,1.2,0.02371818054603973,0.33644884634813865,0.01652651830490444
30min,ML-Proactive,ML_tu=0.8,0.8,1.267,0.020665645318305094,0.3654514246730794,0.015865718241028958
30min,ML-Proactive,ML_tu=0.8,0.8,1.333,0.01918572002333472,0.390888851822739,0.015397337190911365
30min,ML-Proactive,ML_tu=0.8,0.8,1.4,0.017954771108320475,0.41357395644874656,0.01500545407364702
30min,ML-Proactive,ML_tu=0.8,0.8,1.467,0.016737149396126267,0.4340497838775369,0.014653170231677776
30min,ML-Proactive,ML_tu=0.8,0.8,1.533,0.016055644706465328,0.45212845737749546,0.014377707222508591
30min,ML-Proactive,ML_tu=0.8,0.8,1.6,0.015636443599580555,0.46904545477109466,0.0141216475646886
60min,Reactive,lag=1_tu=0.5,0.5,1.0,0.0201470115646548,0.46739013030808213,0.017711706718492065
60min,Reactive,lag=1_tu=0.5,0.5,1.067,0.019392647447960903,0.4938429149032054,0.016860131202166874
60min,Reactive,lag=1_tu=0.5,0.5,1.133,0.01796657235573172,0.5150945475215808,0.01627731067119884
60min,Reactive,lag=1_tu=0.5,0.5,1.2,0.017492858830285344,0.5310580474359463,0.015894203308842517
60min,Reactive,lag=1_tu=0.5,0.5,1.267,0.0157762641150285,0.5480866392565312,0.015363477966873318
60min,Reactive,lag=1_tu=0.5,0.5,1.333,0.015472791387789417,0.5602680110794381,0.015102703139555569
60min,Reactive,lag=1_tu=0.5,0.5,1.4,0.014985507943645362,0.572715407743988,0.014765354660938328
60min,Reactive,lag=1_tu=0.5,0.5,1.467,0.014617269695349157,0.5835380255522427,0.014509780386050755
60min,Reactive,lag=1_tu=0.5,0.5,1.533,0.014504392644363888,0.5938306305099215,0.014235585742404563
60min,Reactive,lag=1_tu=0.5,0.5,1.6,0.014234227899382754,0.6028931878834244,0.014028011968682872
60min,Reactive,lag=1_tu=0.6,0.6,1.0,0.026248540462721893,0.3935690338745487,0.019879978423087297
60min,Reactive,lag=1_tu=0.6,0.6,1.067,0.02275798728498618,0.42383354389963357,0.018830453143859473
60min,Reactive,lag=1_tu=0.6,0.6,1.133,0.020962440315488273,0.4484901096765872,0.018135402300389646
60min,Reactive,lag=1_tu=0.6,0.6,1.2,0.020166749628215068,0.4672393902556371,0.017703995554543873
60min,Reactive,lag=1_tu=0.6,0.6,1.267,0.019621485622362732,0.49042782408316327,0.01695977856884623
60min,Reactive,lag=1_tu=0.6,0.6,1.333,0.01880297279909797,0.5075810044701854,0.01650786849560332
60min,Reactive,lag=1_tu=0.6,0.6,1.4,0.017769808534615322,0.5236982037803632,0.01605825981625193
60min,Reactive,lag=1_tu=0.6,0.6,1.467,0.017365795046116135,0.5365995102365586,0.015757733639898925
60min,Reactive,lag=1_tu=0.6,0.6,1.533,0.015755292422495716,0.549518826576453,0.015338162634066656
60min,Reactive,lag=1_tu=0.6,0.6,1.6,0.01546785687189935,0.5615441493585636,0.01504504873933827
60min,Reactive,lag=1_tu=0.7,0.7,1.0,0.03964451747527962,0.3138092082997799,0.02306920225677674
60min,Reactive,lag=1_tu=0.7,0.7,1.067,0.029391210270207923,0.3520558658976937,0.021113525548939232
60min,Reactive,lag=1_tu=0.7,0.7,1.133,0.0277023722068327,0.3800297095488737,0.020293601670680457
60min,Reactive,lag=1_tu=0.7,0.7,1.2,0.025495409975000508,0.40780207983141137,0.019413990992404085
60min,Reactive,lag=1_tu=0.7,0.7,1.267,0.022545186287227067,0.43168561334527256,0.018639825997884392
60min,Reactive,lag=1_tu=0.7,0.7,1.333,0.02072743399622386,0.45269496247666097,0.018024367517182147
60min,Reactive,lag=1_tu=0.7,0.7,1.4,0.020183403619344044,0.4732051648346542,0.017421671311696484
60min,Reactive,lag=1_tu=0.7,0.7,1.467,0.019754100736908267,0.48809401902766036,0.01702323128614085
60min,Reactive,lag=1_tu=0.7,0.7,1.533,0.0189090648907344,0.5024755728638104,0.01663038036003604
60min,Reactive,lag=1_tu=0.7,0.7,1.6,0.01793326437347377,0.5170883936126248,0.016236333904636933
60min,Reactive,lag=1_tu=0.8,0.8,1.0,0.06180727878102654,0.22918550830183868,0.028003958636599265
60min,Reactive,lag=1_tu=0.8,0.8,1.067,0.045989688095418736,0.2717694368853893,0.025107998138799995
60min,Reactive,lag=1_tu=0.8,0.8,1.133,0.040599346300007465,0.3085556894168126,0.02329763801668385
60min,Reactive,lag=1_tu=0.8,0.8,1.2,0.03809322904234,0.3339982165117584,0.022447556911976526
60min,Reactive,lag=1_tu=0.8,0.8,1.267,0.02854802486749283,0.3686651943909865,0.020662482234434686
60min,Reactive,lag=1_tu=0.8,0.8,1.333,0.026275063485631,0.39383740589162214,0.019875525076466054
60min,Reactive,lag=1_tu=0.8,0.8,1.4,0.025249917809469707,0.41510507624471676,0.019233884504218784
60min,Reactive,lag=1_tu=0.8,0.8,1.467,0.02240701984230521,0.4355655599324705,0.018553628335765838
60min,Reactive,lag=1_tu=0.8,0.8,1.533,0.020650948999927834,0.4544901685743504,0.017980192709758005
60min,Reactive,lag=1_tu=0.8,0.8,1.6,0.020156880596434935,0.4691736207080049,0.017616452921969238
60min,Reactive,lag=2_tu=0.5,0.5,1.0,0.024271033219777787,0.46907518716365565,0.020819634560169553
60min,Reactive,lag=2_tu=0.5,0.5,1.067,0.023239102584267653,0.4952827757877106,0.019657042097933935
60min,Reactive,lag=2_tu=0.5,0.5,1.133,0.021330061749298218,0.5163670279566575,0.018858966517528372
60min,Reactive,lag=2_tu=0.5,0.5,1.2,0.020697826900883464,0.5322216428013388,0.018336281110063295
60min,Reactive,lag=2_tu=0.5,0.5,1.267,0.018434734550801767,0.549117797670497,0.017610385610800697
60min,Reactive,lag=2_tu=0.5,0.5,1.333,0.018014067071173607,0.5612274427100348,0.017251816487209748
60min,Reactive,lag=2_tu=0.5,0.5,1.4,0.017344823353583352,0.5735926584106771,0.016788339668044553
60min,Reactive,lag=2_tu=0.5,0.5,1.467,0.016847670877659163,0.5843524139536861,0.01643712304961351
60min,Reactive,lag=2_tu=0.5,0.5,1.533,0.01669963540095717,0.5945808317517899,0.016056526298775204
60min,Reactive,lag=2_tu=0.5,0.5,1.6,0.016314743161531996,0.603596073975398,0.015773424961886526
60min,Reactive,lag=2_tu=0.6,0.6,1.0,0.03245492782345289,0.3959837471313754,0.023782843580772827
60min,Reactive,lag=2_tu=0.6,0.6,1.067,0.027820800588194295,0.4259021552428754,0.022353319315353847
60min,Reactive,lag=2_tu=0.6,0.6,1.133,0.025399186915144215,0.45032459658404106,0.021401558444166868
60min,Reactive,lag=2_tu=0.6,0.6,1.2,0.02430249075857696,0.46892478107554314,0.020811684290362505
60min,Reactive,lag=2_tu=0.6,0.6,1.267,0.02356169656058074,0.4918971213980486,0.019794468190312962
60min,Reactive,lag=2_tu=0.6,0.6,1.333,0.02244279508250819,0.5089154116929675,0.01917324128076575
60min,Reactive,lag=2_tu=0.6,0.6,1.4,0.02105866337534457,0.5249074859145638,0.018556587270769212
60min,Reactive,lag=2_tu=0.6,0.6,1.467,0.02051401618397849,0.537725620064328,0.018149748651921167
60min,Reactive,lag=2_tu=0.6,0.6,1.533,0.018405744269947625,0.5505417957196103,0.01757437029081011
60min,Reactive,lag=2_tu=0.6,0.6,1.6,0.018007898926311022,0.5624909086329805,0.01717207468328038
60min,Reactive,lag=2_tu=0.7,0.7,1.0,0.05033391252213593,0.31735390125714585,0.0281159498432422
60min,Reactive,lag=2_tu=0.7,0.7,1.067,0.03669922830339624,0.3549402997913304,0.025471379267800475
60min,Reactive,lag=2_tu=0.7,0.7,1.133,0.03438494035095511,0.38259318564045763,0.02434471246085837
60min,Reactive,lag=2_tu=0.7,0.7,1.2,0.03145753879917322,0.41005736816050303,0.02314858540191782
60min,Reactive,lag=2_tu=0.7,0.7,1.267,0.027522262376845276,0.433683638069,0.02209018331767987
60min,Reactive,lag=2_tu=0.7,0.7,1.333,0.02507042479396854,0.4544905701966377,0.0212462293006058
60min,Reactive,lag=2_tu=0.7,0.7,1.4,0.024329013781486067,0.47481601807317514,0.020426424975276455
60min,Reactive,lag=2_tu=0.7,0.7,1.467,0.023741189576081907,0.4895822188192435,0.019881114175916877
60min,Reactive,lag=2_tu=0.7,0.7,1.533,0.022588980115751407,0.5038472013663763,0.019341631581866976
60min,Reactive,lag=2_tu=0.7,0.7,1.6,0.02127948296142504,0.5183474689702472,0.01880146155847286
60min,Reactive,lag=2_tu=0.8,0.8,1.0,0.07987685915596339,0.23457117621244516,0.03479546167515652
60min,Reactive,lag=2_tu=0.8,0.8,1.067,0.058800924975003596,0.27608453846041014,0.030884855465290437
60min,Reactive,lag=2_tu=0.8,0.8,1.133,0.051607017621773055,0.3121859712485494,0.028425771259858335
60min,Reactive,lag=2_tu=0.8,0.8,1.2,0.04821885564875623,0.3372795252718575,0.027264015668128718
60min,Reactive,lag=2_tu=0.8,0.8,1.267,0.03553900025474438,0.37136604365776454,0.024852274422750637
60min,Reactive,lag=2_tu=0.8,0.8,1.333,0.032485151733279545,0.39624798966966646,0.023773458675812625
60min,Reactive,lag=2_tu=0.8,0.8,1.4,0.031103487284060958,0.4172883681853543,0.022895073415062903
60min,Reactive,lag=2_tu=0.8,0.8,1.467,0.027326115370215138,0.43753182518675016,0.021972782340980258
60min,Reactive,lag=2_tu=0.8,0.8,1.533,0.024956930928497014,0.45627070800844943,0.021185675741849836
60min,Reactive,lag=2_tu=0.8,0.8,1.6,0.024288920839879276,0.4708350429422869,0.02069138415512423
60min,Reactive,lag=3_tu=0.5,0.5,1.0,0.027702989021318958,0.4705319858940125,0.02350658664909398
60min,Reactive,lag=3_tu=0.5,0.5,1.067,0.026431734365140607,0.49653278520711647,0.022085191982876194
60min,Reactive,lag=3_tu=0.5,0.5,1.133,0.02414705350803987,0.517475798200423,0.021108504325903197
60min,Reactive,lag=3_tu=0.5,0.5,1.2,0.023365549553950603,0.5332366495455714,0.0204665349831
60min,Reactive,lag=3_tu=0.5,0.5,1.267,0.02064724811301028,0.5500196951129301,0.01957565644122491
60min,Reactive,lag=3_tu=0.5,0.5,1.333,0.02013282483147086,0.5620698714607839,0.019138869813554817
60min,Reactive,lag=3_tu=0.5,0.5,1.4,0.019316162451664873,0.5743652139526076,0.018569917422400585
60min,Reactive,lag=3_tu=0.5,0.5,1.467,0.018714768327563035,0.5850717449432222,0.01813952687645496
60min,Reactive,lag=3_tu=0.5,0.5,1.533,0.018537742570006902,0.5952470696485603,0.017673688886933533
60min,Reactive,lag=3_tu=0.5,0.5,1.6,0.018057860899697947,0.6042213413574976,0.017326118632850083
60min,Reactive,lag=3_tu=0.6,0.6,1.0,0.03758003938977309,0.3980524981164628,0.027126559687517336
60min,Reactive,lag=3_tu=0.6,0.6,1.067,0.03203364352933847,0.4276832803255069,0.02538661624083507
60min,Reactive,lag=3_tu=0.6,0.6,1.133,0.029103157905125295,0.45190915940920384,0.024222768472840443
60min,Reactive,lag=3_tu=0.6,0.6,1.2,0.027746782849843298,0.4703813970733079,0.023497560402922064
60min,Reactive,lag=3_tu=0.6,0.6,1.267,0.026823411563914625,0.49317128528265586,0.022252715525239056
60min,Reactive,lag=3_tu=0.6,0.6,1.333,0.0254614851782563,0.5100763800770418,0.021492209452906665
60min,Reactive,lag=3_tu=0.6,0.6,1.4,0.02380903916957032,0.5259630588284417,0.020737382144722167
60min,Reactive,lag=3_tu=0.6,0.6,1.467,0.02313177686365871,0.5387087028673623,0.020237979670263456
60min,Reactive,lag=3_tu=0.6,0.6,1.533,0.02061455694523859,0.5514376124039513,0.019532647274862706
60min,Reactive,lag=3_tu=0.6,0.6,1.6,0.020126039872122022,0.5633223818024911,0.019040119093846182
60min,Reactive,lag=3_tu=0.7,0.7,1.0,0.058945876379274294,0.3203572192503939,0.0323919396936767
60min,Reactive,lag=3_tu=0.7,0.7,1.067,0.04273044035002988,0.35740221607729994,0.029190910008206113
60min,Reactive,lag=3_tu=0.7,0.7,1.133,0.03989741141464552,0.38478621996914425,0.02781043233208552
60min,Reactive,lag=3_tu=0.7,0.7,1.2,0.03638465291540451,0.4119911655910533,0.02635084050491506
60min,Reactive,lag=3_tu=0.7,0.7,1.267,0.031649984918885814,0.43540266708096403,0.025058772220107463
60min,Reactive,lag=3_tu=0.7,0.7,1.333,0.028692976271763527,0.4560421353532005,0.02403022847999449
60min,Reactive,lag=3_tu=0.7,0.7,1.4,0.02778255809004628,0.4762104338750571,0.0230274782844059
60min,Reactive,lag=3_tu=0.7,0.7,1.467,0.027047932036912647,0.4908715771478651,0.022357174897327945
60min,Reactive,lag=3_tu=0.7,0.7,1.533,0.025642211822729983,0.5050405012656334,0.021700410879507862
60min,Reactive,lag=3_tu=0.7,0.7,1.6,0.024082904801469004,0.5194451719924452,0.02103784854461046
60min,Reactive,lag=3_tu=0.8,0.8,1.0,0.0942745428942046,0.239086388658933,0.04048931938039064
60min,Reactive,lag=3_tu=0.8,0.8,1.067,0.06915045523993159,0.2797284521641633,0.03576318286242231
60min,Reactive,lag=3_tu=0.8,0.8,1.133,0.060449670096772025,0.3152614015855293,0.03277014538592642
60min,Reactive,lag=3_tu=0.8,0.8,1.2,0.05637005908465964,0.34006070655246357,0.031346389549352406
60min,Reactive,lag=3_tu=0.8,0.8,1.267,0.04129326259704805,0.3736724282843357,0.028430164830014863
60min,Reactive,lag=3_tu=0.8,0.8,1.333,0.03761519781548982,0.39831343129194924,0.027113319200583037
60min,Reactive,lag=3_tu=0.8,0.8,1.4,0.03593869604183976,0.4191646371903863,0.026041437523551928
60min,Reactive,lag=3_tu=0.8,0.8,1.467,0.031415595414107655,0.439225149118174,0.024917341104592552
60min,Reactive,lag=3_tu=0.8,0.8,1.533,0.028556660270300443,0.4578091120840678,0.023955268793242293
60min,Reactive,lag=3_tu=0.8,0.8,1.6,0.02772889522974181,0.47227144823886635,0.023349882646844473
60min,Reactive,lag=4_tu=0.5,0.5,1.0,0.03065691359600995,0.47181569094108383,0.02587430252820971
60min,Reactive,lag=4_tu=0.5,0.5,1.067,0.029198147336009075,0.4976408138352491,0.024237563147857324
60min,Reactive,lag=4_tu=0.5,0.5,1.133,0.026627881371770745,0.5184613143872072,0.02310799718237656
60min,Reactive,lag=4_tu=0.5,0.5,1.2,0.02574521984193512,0.5341393710067388,0.02236115003223147
60min,Reactive,lag=4_tu=0.5,0.5,1.267,0.02262722261389942,0.550823895818284,0.021328063280800183
60min,Reactive,lag=4_tu=0.5,0.5,1.333,0.022006090426237315,0.5628203045801247,0.020819873666028412
60min,Reactive,lag=4_tu=0.5,0.5,1.4,0.021067298778152183,0.5750543452392866,0.020159134513304807
60min,Reactive,lag=4_tu=0.5,0.5,1.467,0.0203437753857712,0.5857131202719053,0.019657460533186937
60min,Reactive,lag=4_tu=0.5,0.5,1.533,0.020140226605305962,0.5958424349934972,0.0191188446978754
60min,Reactive,lag=4_tu=0.5,0.5,1.6,0.01958262630972846,0.6047811841602103,0.018716369760951528
60min,Reactive,lag=4_tu=0.6,0.6,1.0,0.0418619655533782,0.3998560076927073,0.030041588877560584
60min,Reactive,lag=4_tu=0.6,0.6,1.067,0.03558772859915879,0.42924570176164967,0.028047475902911543
60min,Reactive,lag=4_tu=0.6,0.6,1.133,0.03227296755000669,0.4533013644917338,0.026701519135163672
60min,Reactive,lag=4_tu=0.6,0.6,1.2,0.03071551097220449,0.4716646772344218,0.02586384164688464
60min,Reactive,lag=4_tu=0.6,0.6,1.267,0.029650889168922667,0.4943000945582943,0.024430551464188637
60min,Reactive,lag=4_tu=0.6,0.6,1.333,0.02809404940560672,0.5111072469250789,0.02355132933293291
60min,Reactive,lag=4_tu=0.6,0.6,1.4,0.026240521874400534,0.5269024817742769,0.02267823428931044
60min,Reactive,lag=4_tu=0.6,0.6,1.467,0.02547320465349521,0.5395828549448954,0.022094845881927613
60min,Reactive,lag=4_tu=0.6,0.6,1.533,0.022587129672292632,0.5522366187703093,0.02127931557382537
60min,Reactive,lag=4_tu=0.6,0.6,1.6,0.021996221394457182,0.5640630763287185,0.020704236095037885
60min,Reactive,lag=4_tu=0.7,0.7,1.0,0.06598619692542651,0.3229462136989729,0.03607805539030684
60min,Reactive,lag=4_tu=0.7,0.7,1.067,0.04780003861258684,0.35953932581468834,0.03241973574976902
60min,Reactive,lag=4_tu=0.7,0.7,1.133,0.04450624925596752,0.386695625990839,0.03082794827088207
60min,Reactive,lag=4_tu=0.7,0.7,1.2,0.04050805775604124,0.4136808891781411,0.029148946929976414
60min,Reactive,lag=4_tu=0.7,0.7,1.267,0.035139921282135264,0.43691209020081084,0.02766541462868773
60min,Reactive,lag=4_tu=0.7,0.7,1.333,0.03179246906521148,0.4574066623211973,0.026478642586475025
60min,Reactive,lag=4_tu=0.7,0.7,1.4,0.030751903026893727,0.47743957720363134,0.025320264365001788
60min,Reactive,lag=4_tu=0.7,0.7,1.467,0.0299062503662336,0.4920141119215049,0.02455129992291227
60min,Reactive,lag=4_tu=0.7,0.7,1.533,0.02830870084682461,0.5060995368355905,0.02379381256204797
60min,Reactive,lag=4_tu=0.7,0.7,1.6,0.026558798149309816,0.5204218494691303,0.0230276875020324
60min,Reactive,lag=4_tu=0.8,0.8,1.0,0.10590889773400862,0.24294434505781154,0.04535437640235586
60min,Reactive,lag=4_tu=0.8,0.8,1.067,0.07763412168392822,0.2828596929442403,0.039955186779932705
60min,Reactive,lag=4_tu=0.8,0.8,1.133,0.06770340845516962,0.31791007681526035,0.036511703753579414
60min,Reactive,lag=4_tu=0.8,0.8,1.2,0.0630162351740928,0.3424594973275151,0.034867492315137694
60min,Reactive,lag=4_tu=0.8,0.8,1.267,0.04610379877537652,0.37567754546693277,0.031540722836139796
60min,Reactive,lag=4_tu=0.8,0.8,1.333,0.041900208051526215,0.4001141382647886,0.030025120461531694
60min,Reactive,lag=4_tu=0.8,0.8,1.4,0.039993017660015555,0.4208072479659915,0.028795996794068645
60min,Reactive,lag=4_tu=0.8,0.8,1.467,0.034867906093695354,0.4407123962887848,0.02750356985047276
60min,Reactive,lag=4_tu=0.8,0.8,1.533,0.031649368104399556,0.45916315860769846,0.0263929829125389
60min,Reactive,lag=4_tu=0.8,0.8,1.6,0.030688371134809125,0.47353658358935624,0.025691416434415176
60min,ML-Proactive,ML_tu=0.5,0.5,1.0,0.01582314201598413,0.4682588477442748,0.01417001096061257
60min,ML-Proactive,ML_tu=0.5,0.5,1.067,0.015266775349379145,0.49222643745154954,0.013794166438719082
60min,ML-Proactive,ML_tu=0.5,0.5,1.133,0.014630222799560581,0.5125486912708815,0.013491219315545132
60min,ML-Proactive,ML_tu=0.5,0.5,1.2,0.014088042866139537,0.5302178542632574,0.013234838058383913
60min,ML-Proactive,ML_tu=0.5,0.5,1.267,0.013487882371010212,0.5460364019053334,0.012991189188206917
60min,ML-Proactive,ML_tu=0.5,0.5,1.333,0.012990113080599766,0.559685577118525,0.012785797255447309
60min,ML-Proactive,ML_tu=0.5,0.5,1.4,0.012703911158975916,0.5721575710648514,0.012609098025750744
60min,ML-Proactive,ML_tu=0.5,0.5,1.467,0.012483708387381703,0.5831866521606723,0.012454904635019253
60min,ML-Proactive,ML_tu=0.5,0.5,1.533,0.012307916258798087,0.5936547050893418,0.012310454808036253
60min,ML-Proactive,ML_tu=0.5,0.5,1.6,0.012174684329766296,0.6027592049409574,0.012182025073596784
60min,ML-Proactive,ML_tu=0.6,0.6,1.0,0.01945124482415544,0.39014225046183976,0.015468385662447563
60min,ML-Proactive,ML_tu=0.6,0.6,1.067,0.017712444787393297,0.42009884159884237,0.014934163397292557
60min,ML-Proactive,ML_tu=0.6,0.6,1.133,0.016495469806005678,0.4458145235772194,0.01451321753277185
60min,ML-Proactive,ML_tu=0.6,0.6,1.2,0.01582314201598413,0.4682588477442748,0.01417001096061257
60min,ML-Proactive,ML_tu=0.6,0.6,1.267,0.015372250626529315,0.4886099649653627,0.01384330269271454
60min,ML-Proactive,ML_tu=0.6,0.6,1.333,0.014847341498723502,0.506017162753692,0.013588176741312328
60min,ML-Proactive,ML_tu=0.6,0.6,1.4,0.014317497855027624,0.5216458145264755,0.013358306346252064
60min,ML-Proactive,ML_tu=0.6,0.6,1.467,0.013946792348786386,0.5354544204785003,0.013156889548395983
60min,ML-Proactive,ML_tu=0.6,0.6,1.533,0.01335094955506087,0.548437195636192,0.012951826386192307
60min,ML-Proactive,ML_tu=0.6,0.6,1.6,0.012990113080599766,0.559685577118525,0.012785797255447309
60min,ML-Proactive,ML_tu=0.7,0.7,1.0,0.02701092316773715,0.3080410463152684,0.017299518106052056
60min,ML-Proactive,ML_tu=0.7,0.7,1.067,0.02288135018223784,0.3450299236499629,0.016385326742938248
60min,ML-Proactive,ML_tu=0.7,0.7,1.133,0.020196356723555468,0.3760671959071059,0.01571878927313732
60min,ML-Proactive,ML_tu=0.7,0.7,1.2,0.018786935622455255,0.4034401344895625,0.015234330914857272
60min,ML-Proactive,ML_tu=0.7,0.7,1.267,0.017261553397938483,0.4278333673695485,0.014805046233508869
60min,ML-Proactive,ML_tu=0.7,0.7,1.333,0.016373340537726534,0.4492020347973607,0.014459896926246362
60min,ML-Proactive,ML_tu=0.7,0.7,1.4,0.01582314201598413,0.4682588477442748,0.01417001096061257
60min,ML-Proactive,ML_tu=0.7,0.7,1.467,0.015445651550394053,0.485969782474517,0.013881350412505428
60min,ML-Proactive,ML_tu=0.7,0.7,1.533,0.014968853952516388,0.5013236706499135,0.013656292022854694
60min,ML-Proactive,ML_tu=0.7,0.7,1.6,0.014508093531281439,0.5152591755753916,0.013450780537165658
60min,ML-Proactive,ML_tu=0.8,0.8,1.0,0.04022247264890364,0.22522290411434362,0.020049474588785744
60min,ML-Proactive,ML_tu=0.8,0.8,1.067,0.03164011588710568,0.26686018902753084,0.0184369446766428
60min,ML-Proactive,ML_tu=0.8,0.8,1.133,0.027507458829175078,0.30332873614525896,0.017417965170884175
60min,ML-Proactive,ML_tu=0.8,0.8,1.2,0.024303724387549477,0.33524164298251696,0.016650375587483095
60min,ML-Proactive,ML_tu=0.8,0.8,1.267,0.020852030522448037,0.3649499566557508,0.015925257182261787
60min,ML-Proactive,ML_tu=0.8,0.8,1.333,0.01945124482415544,0.39014225046183976,0.015468385662447563
60min,ML-Proactive,ML_tu=0.8,0.8,1.4,0.01827127871194332,0.4128569401226555,0.015072486136642303
60min,ML-Proactive,ML_tu=0.8,0.8,1.467,0.01703394885250917,0.4333781396614692,0.014714903324719147
60min,ML-Proactive,ML_tu=0.8,0.8,1.533,0.016277734292356495,0.4516788953327031,0.014418531612663812
60min,ML-Proactive,ML_tu=0.8,0.8,1.6,0.01582314201598413,0.4682588477442748,0.01417001096061257
120min,Reactive,lag=1_tu=0.5,0.5,1.0,0.020130829910234474,0.4676472579258355,0.017827843724189427
120min,Reactive,lag=1_tu=0.5,0.5,1.067,0.019370994782294752,0.4941344565124518,0.016967504246071324
120min,Reactive,lag=1_tu=0.5,0.5,1.133,0.017961427004937327,0.5154033267950547,0.016378893444011184
120min,Reactive,lag=1_tu=0.5,0.5,1.2,0.017476848073302645,0.5313714811395671,0.015994762821326773
120min,Reactive,lag=1_tu=0.5,0.5,1.267,0.015761297826564272,0.5484136195170718,0.015458856940880802
120min,Reactive,lag=1_tu=0.5,0.5,1.333,0.015452754834426997,0.5606065374874284,0.015194462204387076
120min,Reactive,lag=1_tu=0.5,0.5,1.4,0.014961774595901499,0.5730658357432206,0.014853092178483974
120min,Reactive,lag=1_tu=0.5,0.5,1.467,0.014589218534856075,0.583889081120849,0.014597802714415336
120min,Reactive,lag=1_tu=0.5,0.5,1.533,0.014477835794955898,0.5941773607211229,0.014322158460454435
120min,Reactive,lag=1_tu=0.5,0.5,1.6,0.014200659206583616,0.6032496711492813,0.014117274292882368
120min,Reactive,lag=1_tu=0.6,0.6,1.0,0.02628952726988742,0.3938550233377133,0.02001090270913863
120min,Reactive,lag=1_tu=0.6,0.6,1.067,0.022765607826493856,0.42412400384607035,0.01895239148271064
120min,Reactive,lag=1_tu=0.6,0.6,1.133,0.020946996538813364,0.4487743054567419,0.018253460827035935
120min,Reactive,lag=1_tu=0.6,0.6,1.2,0.020150033830906917,0.4675123818778874,0.017819422124096596
120min,Reactive,lag=1_tu=0.6,0.6,1.267,0.01961104379070031,0.4907232290911606,0.017071173832453913
120min,Reactive,lag=1_tu=0.6,0.6,1.333,0.018789756116608766,0.5078775153444377,0.0166143253344292
120min,Reactive,lag=1_tu=0.6,0.6,1.4,0.017755304923053092,0.524014615323008,0.01615871987700859
120min,Reactive,lag=1_tu=0.6,0.6,1.467,0.017347541674108187,0.5369190268272651,0.01585715822645204
120min,Reactive,lag=1_tu=0.6,0.6,1.533,0.01574273403658091,0.5498467619110906,0.015433250304436182
120min,Reactive,lag=1_tu=0.6,0.6,1.6,0.015448273919603427,0.5618894631953475,0.015139333353594896
120min,Reactive,lag=1_tu=0.7,0.7,1.0,0.03973035134853132,0.3141334384811236,0.02323140338227619
120min,Reactive,lag=1_tu=0.7,0.7,1.067,0.029460734703597086,0.35238258445832993,0.02126009636423675
120min,Reactive,lag=1_tu=0.7,0.7,1.133,0.027759267332018504,0.3803405785343586,0.020430273532949496
120min,Reactive,lag=1_tu=0.7,0.7,1.2,0.025523930965745966,0.4080831172464482,0.019543270833873277
120min,Reactive,lag=1_tu=0.7,0.7,1.267,0.02255500482978605,0.4319608902741581,0.01876024848133068
120min,Reactive,lag=1_tu=0.7,0.7,1.333,0.020713988967987703,0.45296978687866446,0.018140344132062124
120min,Reactive,lag=1_tu=0.7,0.7,1.4,0.02016731735951212,0.47349282039433976,0.017533771393272626
120min,Reactive,lag=1_tu=0.7,0.7,1.467,0.019743550843340178,0.48838327377773666,0.01713491073942954
120min,Reactive,lag=1_tu=0.7,0.7,1.533,0.018897298072374457,0.5027693079321568,0.01673707559408484
120min,Reactive,lag=1_tu=0.7,0.7,1.6,0.01791917837945795,0.5173949874422826,0.016336598987456416
120min,Reactive,lag=1_tu=0.8,0.8,1.0,0.06202162233441579,0.22953255971654216,0.02820819612495765
120min,Reactive,lag=1_tu=0.8,0.8,1.067,0.04610733327316105,0.27209481782495165,0.02528826266989335
120min,Reactive,lag=1_tu=0.8,0.8,1.133,0.04069566842766619,0.3088904840625938,0.023463354759002707
120min,Reactive,lag=1_tu=0.8,0.8,1.2,0.038192757433357594,0.3343072311915976,0.022606495794576104
120min,Reactive,lag=1_tu=0.8,0.8,1.267,0.02860680036436239,0.3689644904249116,0.02080303033410632
120min,Reactive,lag=1_tu=0.8,0.8,1.333,0.02631641275882884,0.39411785195726445,0.020005340102435248
120min,Reactive,lag=1_tu=0.8,0.8,1.4,0.025265958298046128,0.415390854919893,0.01935737411152896
120min,Reactive,lag=1_tu=0.8,0.8,1.467,0.02240841490198639,0.4358344269640792,0.018674385451601935
120min,Reactive,lag=1_tu=0.8,0.8,1.533,0.02063845354667609,0.45476496494866936,0.018096029734525683
120min,Reactive,lag=1_tu=0.8,0.8,1.6,0.020141712131948857,0.46944190421860377,0.01773536150324381
120min,Reactive,lag=2_tu=0.5,0.5,1.0,0.02428655834375146,0.4693655248647186,0.020998249860981446
120min,Reactive,lag=2_tu=0.5,0.5,1.067,0.023255947934330272,0.4956034058456627,0.019822333449495477
120min,Reactive,lag=2_tu=0.5,0.5,1.133,0.021374603839119793,0.5167024695911173,0.01901612838968627
120min,Reactive,lag=2_tu=0.5,0.5,1.2,0.02073383301934923,0.5325599089751206,0.018490446518209084
120min,Reactive,lag=2_tu=0.5,0.5,1.267,0.018470330902757105,0.5494667368203524,0.017755125848849123
120min,Reactive,lag=2_tu=0.5,0.5,1.333,0.018038242687627108,0.5615862686945707,0.01739060419169451
120min,Reactive,lag=2_tu=0.5,0.5,1.4,0.017364185072024304,0.5739612273199393,0.01691949180273766
120min,Reactive,lag=2_tu=0.5,0.5,1.467,0.016855281174204526,0.5847203662989271,0.016566685803276766
120min,Reactive,lag=2_tu=0.5,0.5,1.533,0.01670549059295946,0.5949435123492464,0.016183332080969923
120min,Reactive,lag=2_tu=0.5,0.5,1.6,0.01630476878159445,0.6039681228738907,0.015902871044668105
120min,Reactive,lag=2_tu=0.6,0.6,1.0,0.03255704684668422,0.39631207277980046,0.02398359832783692
120min,Reactive,lag=2_tu=0.6,0.6,1.067,0.02788281255501123,0.4262305859498074,0.022541360466920856
120min,Reactive,lag=2_tu=0.6,0.6,1.133,0.025416389009980278,0.45064326827442935,0.021582385716866798
120min,Reactive,lag=2_tu=0.6,0.6,1.2,0.0243198451395837,0.46923088405511565,0.020989486424722488
120min,Reactive,lag=2_tu=0.6,0.6,1.267,0.023597137591610702,0.4922232833246247,0.01996661938761729
120min,Reactive,lag=2_tu=0.6,0.6,1.333,0.022478189147096272,0.5092403810699213,0.019337951602089776
120min,Reactive,lag=2_tu=0.6,0.6,1.4,0.02109550685868027,0.525250134131847,0.01871276433025376
120min,Reactive,lag=2_tu=0.6,0.6,1.467,0.020551395772961008,0.5380690310748424,0.018301442194354495
120min,Reactive,lag=2_tu=0.6,0.6,1.533,0.018443445413815686,0.5508920203655974,0.01771969919163205
120min,Reactive,lag=2_tu=0.6,0.6,1.6,0.01803184138073629,0.5628565473973531,0.017313597826270035
120min,Reactive,lag=2_tu=0.7,0.7,1.0,0.05050887189128533,0.31773729300961334,0.02836398018866746
120min,Reactive,lag=2_tu=0.7,0.7,1.067,0.03685232377042097,0.35531702740755616,0.025695140935632934
120min,Reactive,lag=2_tu=0.7,0.7,1.133,0.034519687539408046,0.38295000323278644,0.024555552385802017
120min,Reactive,lag=2_tu=0.7,0.7,1.2,0.031551401534137206,0.41037933185472303,0.023346944006428012
120min,Reactive,lag=2_tu=0.7,0.7,1.267,0.02758579191527742,0.4339959615932373,0.02227590914591364
120min,Reactive,lag=2_tu=0.7,0.7,1.333,0.025089922358548723,0.45479939781227796,0.021424550636160212
120min,Reactive,lag=2_tu=0.7,0.7,1.4,0.024348010889903283,0.4751359391693045,0.02060010395548572
120min,Reactive,lag=2_tu=0.7,0.7,1.467,0.023771253139040868,0.48990235242258684,0.020053476849829322
120min,Reactive,lag=2_tu=0.7,0.7,1.533,0.022620938290761443,0.5041694816116713,0.01950616607184066
120min,Reactive,lag=2_tu=0.7,0.7,1.6,0.021314431554346137,0.5186808533105831,0.018957767633323408
120min,Reactive,lag=2_tu=0.8,0.8,1.0,0.08023077991602766,0.23500063923443834,0.035105331220910134
120min,Reactive,lag=2_tu=0.8,0.8,1.067,0.059029651493648944,0.27647929751408834,0.03115960958332098
120min,Reactive,lag=2_tu=0.8,0.8,1.133,0.051808977320809815,0.3125815059233209,0.028678997753763476
120min,Reactive,lag=2_tu=0.8,0.8,1.2,0.04841052349247622,0.33764350251108227,0.027505132359274286
120min,Reactive,lag=2_tu=0.8,0.8,1.267,0.03567768395595645,0.3717119880006482,0.025066659606196036
120min,Reactive,lag=2_tu=0.8,0.8,1.333,0.032588413250449214,0.3965707480882146,0.023973063558717107
120min,Reactive,lag=2_tu=0.8,0.8,1.4,0.031185886910671683,0.417613860990674,0.023086589151897634
120min,Reactive,lag=2_tu=0.8,0.8,1.467,0.02737774944132594,0.4378376407362321,0.022159094405142608
120min,Reactive,lag=2_tu=0.8,0.8,1.533,0.024978539618648543,0.45657972379767603,0.0213644496229516
120min,Reactive,lag=2_tu=0.8,0.8,1.6,0.02430832278718023,0.47113726466904793,0.020874380864782105
120min,Reactive,lag=3_tu=0.5,0.5,1.0,0.027747104848925955,0.47084961676632325,0.023736544007770494
120min,Reactive,lag=3_tu=0.5,0.5,1.067,0.026480926345922785,0.49687766610466744,0.02229875001701412
120min,Reactive,lag=3_tu=0.5,0.5,1.133,0.02423022684311229,0.5178336063073706,0.021312272993594176
120min,Reactive,lag=3_tu=0.5,0.5,1.2,0.023441585834163902,0.5335959336923635,0.02066604725953364
120min,Reactive,lag=3_tu=0.5,0.5,1.267,0.020728711973836578,0.5503876822013981,0.01976316471673995
120min,Reactive,lag=3_tu=0.5,0.5,1.333,0.020193562717764457,0.5624466230035123,0.019319119536937542
120min,Reactive,lag=3_tu=0.5,0.5,1.4,0.019370994782294752,0.5747504706571744,0.0187408881239217
120min,Reactive,lag=3_tu=0.5,0.5,1.467,0.018757109451465612,0.585455883915886,0.018308713981888526
120min,Reactive,lag=3_tu=0.5,0.5,1.533,0.018579153119900958,0.5956250771674538,0.017838968937596192
120min,Reactive,lag=3_tu=0.5,0.5,1.6,0.01807921105172832,0.60460854736718,0.01749449131018282
120min,Reactive,lag=3_tu=0.6,0.6,1.0,0.0377465863430678,0.3984186593073513,0.02738962281113757
120min,Reactive,lag=3_tu=0.6,0.6,1.067,0.03215184412049564,0.4280435383235249,0.025630036683992788
120min,Reactive,lag=3_tu=0.6,0.6,1.133,0.029157312756972465,0.45225652909074804,0.024455829453337467
120min,Reactive,lag=3_tu=0.6,0.6,1.2,0.027796394911985232,0.4707149427912905,0.023727065823164174
120min,Reactive,lag=3_tu=0.6,0.6,1.267,0.02689317050969126,0.4935220903087677,0.022473583677981877
120min,Reactive,lag=3_tu=0.6,0.6,1.333,0.025525851357813212,0.5104251345088346,0.021705602116748983
120min,Reactive,lag=3_tu=0.6,0.6,1.4,0.023881355617562883,0.5263270884294625,0.020938987900180606
120min,Reactive,lag=3_tu=0.6,0.6,1.467,0.023206657871271,0.5390726390535697,0.020434530947018564
120min,Reactive,lag=3_tu=0.6,0.6,1.533,0.020696705439382505,0.5518066663372246,0.01972040411995864
120min,Reactive,lag=3_tu=0.6,0.6,1.6,0.0201852410188064,0.5637060060486737,0.01922337433440614
120min,Reactive,lag=3_tu=0.7,0.7,1.0,0.059210168347969924,0.32079339974201543,0.032716486863950886
120min,Reactive,lag=3_tu=0.7,0.7,1.067,0.04296173106701464,0.3578228235832663,0.029482312744168133
120min,Reactive,lag=3_tu=0.7,0.7,1.133,0.040108668585778474,0.3851829721113976,0.028085663397407725
120min,Reactive,lag=3_tu=0.7,0.7,1.2,0.0365469814317291,0.4123489357965879,0.02660961483205993
120min,Reactive,lag=3_tu=0.7,0.7,1.267,0.03176904596842491,0.43574633830982995,0.025299729719466247
120min,Reactive,lag=3_tu=0.7,0.7,1.333,0.02874570872389307,0.456379592956536,0.024261013914658673
120min,Reactive,lag=3_tu=0.7,0.7,1.4,0.027831602099884712,0.4765568826100899,0.02325178924818356
120min,Reactive,lag=3_tu=0.7,0.7,1.467,0.027106334029155393,0.4912166094835496,0.022578496304968575
120min,Reactive,lag=3_tu=0.7,0.7,1.533,0.0257025274279997,0.5053861439806044,0.021912288693197005
120min,Reactive,lag=3_tu=0.7,0.7,1.6,0.024150850637666185,0.5198001882030935,0.02123943081419346
120min,Reactive,lag=3_tu=0.8,0.8,1.0,0.094759186035421,0.23959127423261362,0.040895694038980135
120min,Reactive,lag=3_tu=0.8,0.8,1.067,0.06947402381670242,0.2801855505106552,0.03612269780334215
120min,Reactive,lag=3_tu=0.8,0.8,1.133,0.060752883308656296,0.31571069834709653,0.033100710714680605
120min,Reactive,lag=3_tu=0.8,0.8,1.2,0.05665028572233307,0.3404734737245365,0.03166039956670091
120min,Reactive,lag=3_tu=0.8,0.8,1.267,0.04151247518693416,0.37405999204459606,0.028710322376986994
120min,Reactive,lag=3_tu=0.8,0.8,1.333,0.03778307379234545,0.39867375792041604,0.027374799551933584
120min,Reactive,lag=3_tu=0.8,0.8,1.4,0.036089287989035844,0.4195240451297208,0.026290992449212004
120min,Reactive,lag=3_tu=0.8,0.8,1.467,0.03151555421554865,0.4395615124814387,0.025157836634507342
120min,Reactive,lag=3_tu=0.8,0.8,1.533,0.02861192140987504,0.458146379618546,0.02418599641420077
120min,Reactive,lag=3_tu=0.8,0.8,1.6,0.02777911138338003,0.47260127560810283,0.023585017358129755
120min,Reactive,lag=4_tu=0.5,0.5,1.0,0.03072691320660026,0.47216230777822354,0.026158608624874524
120min,Reactive,lag=4_tu=0.5,0.5,1.067,0.029266775104805395,0.49801172820018097,0.024502723160127433
120min,Reactive,lag=4_tu=0.5,0.5,1.133,0.02673825888293354,0.5188452174741653,0.023365807147595348
120min,Reactive,lag=4_tu=0.5,0.5,1.2,0.025845916702353953,0.5345238608299109,0.022614668786548112
120min,Reactive,lag=4_tu=0.5,0.5,1.267,0.02273616181479611,0.5512150798693154,0.021567251697511787
120min,Reactive,lag=4_tu=0.5,0.5,1.333,0.022095390995025544,0.563219460025133,0.021051483074852363
120min,Reactive,lag=4_tu=0.5,0.5,1.4,0.021146077183117704,0.5754607950641882,0.02038017899660395
120min,Reactive,lag=4_tu=0.5,0.5,1.467,0.020421449243077466,0.5861173639401611,0.01987541128329088
120min,Reactive,lag=4_tu=0.5,0.5,1.533,0.02021596729188231,0.5962391123654602,0.019330586586510438
120min,Reactive,lag=4_tu=0.5,0.5,1.6,0.01962832731930551,0.6051863672318327,0.018930545044093448
120min,Reactive,lag=4_tu=0.6,0.6,1.0,0.042091793460552904,0.4002603975055167,0.03036745088233819
120min,Reactive,lag=4_tu=0.6,0.6,1.067,0.0357519391158899,0.4296396344399433,0.028349281233523885
120min,Reactive,lag=4_tu=0.6,0.6,1.133,0.03235668594100172,0.4536795680389649,0.026990482473158557
120min,Reactive,lag=4_tu=0.6,0.6,1.2,0.030794767059642895,0.4720277440521792,0.026148757528086968
120min,Reactive,lag=4_tu=0.6,0.6,1.267,0.02974239220679294,0.4946774042145455,0.024703598521751254
120min,Reactive,lag=4_tu=0.6,0.6,1.333,0.028177912802677795,0.5114824586861744,0.023818615763656712
120min,Reactive,lag=4_tu=0.6,0.6,1.4,0.026338817332946695,0.5272917491506833,0.022933104713305424
120min,Reactive,lag=4_tu=0.6,0.6,1.467,0.025566819721914425,0.5399715058271917,0.02234502220350203
120min,Reactive,lag=4_tu=0.6,0.6,1.533,0.022695833581383974,0.5526286748541377,0.02151849342981566
120min,Reactive,lag=4_tu=0.6,0.6,1.6,0.022082588381243915,0.5644689819680232,0.020938739292059787
120min,Reactive,lag=4_tu=0.7,0.7,1.0,0.06634890579260662,0.3234351716030623,0.03647892216446434
120min,Reactive,lag=4_tu=0.7,0.7,1.067,0.04811990415963323,0.3600040409508794,0.0327789496543073
120min,Reactive,lag=4_tu=0.7,0.7,1.133,0.04478866405365319,0.3871324119373984,0.03116756504318727
120min,Reactive,lag=4_tu=0.7,0.7,1.2,0.04073855718383465,0.4140756783411691,0.029470006642187466
120min,Reactive,lag=4_tu=0.7,0.7,1.267,0.035305127894911026,0.43728891440336204,0.027964591242567626
120min,Reactive,lag=4_tu=0.7,0.7,1.333,0.031876587924190604,0.4577749140305939,0.02676564750389056
120min,Reactive,lag=4_tu=0.7,0.7,1.4,0.030833174900987786,0.47781561900449054,0.025600794153781154
120min,Reactive,lag=4_tu=0.7,0.7,1.467,0.029985641868643904,0.49238597689288366,0.024825167892832994
120min,Reactive,lag=4_tu=0.7,0.7,1.533,0.02838787566869652,0.5064710210074108,0.024057807851902153
120min,Reactive,lag=4_tu=0.7,0.7,1.6,0.026648640586462134,0.5208021862666083,0.023281932982833174
120min,Reactive,lag=4_tu=0.8,0.8,1.0,0.10650622431075528,0.24352518332139741,0.045857725674487815
120min,Reactive,lag=4_tu=0.8,0.8,1.067,0.07806713818693224,0.28337897044622723,0.040399068241623974
120min,Reactive,lag=4_tu=0.8,0.8,1.133,0.06810478427275712,0.3184136241003555,0.0369201083508773
120min,Reactive,lag=4_tu=0.8,0.8,1.2,0.06338446057147028,0.34292178855848493,0.03525530406979573
120min,Reactive,lag=4_tu=0.8,0.8,1.267,0.046409474958407505,0.37610727613195705,0.031887347704995885
120min,Reactive,lag=4_tu=0.8,0.8,1.333,0.04213084143258688,0.4005122278923811,0.03034864989320106
120min,Reactive,lag=4_tu=0.8,0.8,1.4,0.040199567143628046,0.4212018775975001,0.029105640365108373
120min,Reactive,lag=4_tu=0.8,0.8,1.467,0.03501130790862263,0.4410816270556407,0.027802156911625842
120min,Reactive,lag=4_tu=0.8,0.8,1.533,0.03173255851914727,0.45953072630711245,0.026679225105889968
120min,Reactive,lag=4_tu=0.8,0.8,1.6,0.030764680917256065,0.4738964266519654,0.025983029139544297
120min,ML-Proactive,ML_tu=0.5,0.5,1.0,0.01724512076385515,0.47258637435170836,0.01462055035747051
120min,ML-Proactive,ML_tu=0.5,0.5,1.067,0.016370702242569844,0.4959807677693307,0.014199781112980023
120min,ML-Proactive,ML_tu=0.5,0.5,1.133,0.015621749336344509,0.5161132320861603,0.013868976932211837
120min,ML-Proactive,ML_tu=0.5,0.5,1.2,0.014973296948304966,0.5335429003664146,0.013588888808091249
120min,ML-Proactive,ML_tu=0.5,0.5,1.267,0.01431396233855104,0.5490804570341883,0.013323717171219955
120min,ML-Proactive,ML_tu=0.5,0.5,1.333,0.01376601046869729,0.5626632882303659,0.013101150751054455
120min,ML-Proactive,ML_tu=0.5,0.5,1.4,0.013426101072795021,0.5749377693843088,0.012914632508408082
120min,ML-Proactive,ML_tu=0.5,0.5,1.467,0.013123319256859481,0.5859382908715784,0.012748593359714384
120min,ML-Proactive,ML_tu=0.5,0.5,1.533,0.012878789333630354,0.5961726025386389,0.012593275436231116
120min,ML-Proactive,ML_tu=0.5,0.5,1.6,0.012674587643813361,0.6052738460624256,0.012458032618504188
120min,ML-Proactive,ML_tu=0.6,0.6,1.0,0.02249995359052504,0.39519330978360434,0.016206390484176124
120min,ML-Proactive,ML_tu=0.6,0.6,1.067,0.020069377364082652,0.42475535753657423,0.015544999654745472
120min,ML-Proactive,ML_tu=0.6,0.6,1.133,0.018416559924874263,0.45019729438473166,0.01503420319450248
120min,ML-Proactive,ML_tu=0.6,0.6,1.2,0.01724512076385515,0.47258637435170836,0.01462055035747051
120min,ML-Proactive,ML_tu=0.6,0.6,1.267,0.016509610602100523,0.49238108208148507,0.014261715611079693
120min,ML-Proactive,ML_tu=0.6,0.6,1.333,0.01585603716854833,0.5096583582775193,0.013970999489793984
120min,ML-Proactive,ML_tu=0.6,0.6,1.4,0.015245992621853678,0.5251368635486272,0.013717605662646612
120min,ML-Proactive,ML_tu=0.6,0.6,1.467,0.014746690684370121,0.5388212862017536,0.01349699703143258
120min,ML-Proactive,ML_tu=0.6,0.6,1.533,0.014194257899692801,0.5514649819588624,0.013282417147148473
120min,ML-Proactive,ML_tu=0.6,0.6,1.6,0.01376601046869729,0.5626632882303659,0.013101150751054455
120min,ML-Proactive,ML_tu=0.7,0.7,1.0,0.035333293645230614,0.31466118841723356,0.018888095207463165
120min,ML-Proactive,ML_tu=0.7,0.7,1.067,0.02801595973834018,0.3505501067429544,0.01747708874172531
120min,ML-Proactive,ML_tu=0.7,0.7,1.133,0.02388967731652094,0.38118810041967194,0.016549935831136415
120min,ML-Proactive,ML_tu=0.7,0.7,1.2,0.021433495862515292,0.40835834807987115,0.01590709738272207
120min,ML-Proactive,ML_tu=0.7,0.7,1.267,0.01951566431802717,0.4323965890260186,0.015383590832302075
120min,ML-Proactive,ML_tu=0.7,0.7,1.333,0.018215558888502677,0.45357545407681,0.014972020088281987
120min,ML-Proactive,ML_tu=0.7,0.7,1.4,0.01724512076385515,0.47258637435170836,0.01462055035747051
120min,ML-Proactive,ML_tu=0.7,0.7,1.467,0.016625474256824275,0.489723354832092,0.01430584355252552
120min,ML-Proactive,ML_tu=0.7,0.7,1.533,0.016050636898029103,0.5049441399055888,0.014050150100260547
120min,ML-Proactive,ML_tu=0.7,0.7,1.6,0.015503965289553515,0.5187625741010232,0.013825035446856627
120min,ML-Proactive,ML_tu=0.8,0.8,1.0,0.06435553882680688,0.23482600366869008,0.02457544103546774
120min,ML-Proactive,ML_tu=0.8,0.8,1.067,0.04658743128997216,0.2745886006532369,0.021137315028566004
120min,ML-Proactive,ML_tu=0.8,0.8,1.133,0.03643623882251801,0.3099822780601825,0.01910217787550563
120min,ML-Proactive,ML_tu=0.8,0.8,1.2,0.02967325809237214,0.34161876200480723,0.017787134144404897
120min,ML-Proactive,ML_tu=0.8,0.8,1.267,0.02515841634228044,0.37021264795663833,0.016855102299444875
120min,ML-Proactive,ML_tu=0.8,0.8,1.333,0.02249995359052504,0.39519330978360434,0.016206390484176124
120min,ML-Proactive,ML_tu=0.8,0.8,1.4,0.020683902825600876,0.41766414890456105,0.015703114419587983
120min,ML-Proactive,ML_tu=0.8,0.8,1.467,0.019120063552174812,0.4379250535046276,0.015270070149131933
120min,ML-Proactive,ML_tu=0.8,0.8,1.533,0.018076010398282914,0.4560327675277006,0.01492453593720507
120min,ML-Proactive,ML_tu=0.8,0.8,1.6,0.01724512076385515,0.47258637435170836,0.01462055035747051
